image_name,width,height,category
003_0001.png,85,76,3
003_0002.png,98,92,3
003_0003.png,122,112,3
003_0004.png,72,62,3
003_0005.png,116,102,3
003_0006.png,85,80,3
003_0007.png,82,75,3
003_0008.png,134,121,3
003_0009.png,181,177,3
003_0010.png,219,212,3
003_0011.png,130,126,3
003_0012.png,143,135,3
003_0013.png,88,88,3
003_0014.png,78,68,3
003_0015.png,88,77,3
003_0016.png,97,85,3
003_0017.png,147,130,3
003_0018.png,94,80,3
003_0019.png,107,103,3
003_0020.png,130,112,3
003_0021.png,97,92,3
003_0022.png,96,89,3
003_0023.png,99,90,3
003_0024.png,97,97,3
003_0025.png,99,93,3
003_0026.png,111,100,3
003_0027.png,96,84,3
003_0028.png,104,88,3
003_0029.png,153,143,3
003_0030.png,331,311,3
003_0031.png,113,99,3
003_0032.png,85,78,3
003_0033.png,150,149,3
003_0034.png,144,140,3
003_0035.png,51,50,3
003_0036.png,132,122,3
003_0037.png,84,78,3
003_0038.png,178,162,3
003_0039.png,103,89,3
003_0040.png,155,142,3
003_0041.png,142,130,3
003_0042.png,131,110,3
003_0043.png,244,209,3
003_0044.png,168,150,3
003_0045.png,235,235,3
003_0046.png,131,130,3
003_0047.png,73,62,3
003_0048.png,123,123,3
003_0049.png,167,165,3
003_0050.png,122,114,3
003_0051.png,111,104,3
003_0052.png,202,207,3
003_0053.png,260,258,3
003_0054.png,133,129,3
003_0055.png,206,201,3
003_0056.png,96,85,3
003_0057.png,227,218,3
003_0058.png,179,177,3
003_0059.png,85,80,3
003_0060.png,123,123,3
003_0061.png,151,141,3
003_0062.png,244,235,3
003_0063.png,166,158,3
003_0064.png,135,131,3
003_0065.png,222,203,3
003_0066.png,151,146,3
003_0067.png,235,227,3
003_0068.png,176,159,3
003_0069.png,123,109,3
003_0070.png,114,110,3
003_0071.png,230,212,3
003_0072.png,179,154,3
003_0073.png,267,228,3
003_0074.png,266,222,3
003_0075.png,247,211,3
003_0076.png,92,92,3
003_0077.png,170,153,3
003_0078.png,139,126,3
003_0079.png,163,156,3
003_0030_j.png,109,120,3
003_0080.png,194,172,3
003_0081.png,191,190,3
003_0082.png,242,218,3
003_0083.png,105,94,3
003_0084.png,166,164,3
003_0085.png,155,139,3
003_0086.png,246,215,3
003_0087.png,91,76,3
003_0088.png,143,139,3
003_0089.png,213,198,3
003_0090.png,109,100,3
003_0091.png,122,110,3
003_0092.png,263,255,3
003_0093.png,160,163,3
003_0094.png,83,80,3
003_0095.png,243,230,3
003_0096.png,90,75,3
003_0097.png,126,115,3
003_0098.png,143,134,3
003_0099.png,199,173,3
003_0100.png,232,201,3
003_0101.png,298,268,3
003_0102.png,91,81,3
003_0103.png,105,98,3
003_0104.png,194,170,3
003_0105.png,203,187,3
003_0106.png,210,188,3
003_0107.png,116,102,3
003_0108.png,301,260,3
003_0109.png,92,75,3
003_0110.png,156,149,3
003_0111.png,208,184,3
003_0112.png,112,104,3
003_0113.png,90,94,3
003_0114.png,132,128,3
003_0115.png,154,134,3
003_0116.png,152,138,3
003_0117.png,165,149,3
003_0118.png,309,248,3
003_0119.png,146,135,3
003_0120.png,257,237,3
003_0121.png,106,97,3
003_0122.png,187,176,3
003_0123.png,238,208,3
003_0124.png,164,156,3
003_0125.png,67,58,3
003_0126.png,82,69,3
003_0127.png,108,106,3
003_0128.png,136,132,3
003_0129.png,111,98,3
003_1_0001.png,85,76,3
003_1_0002.png,98,92,3
003_1_0003.png,122,112,3
003_1_0004.png,72,62,3
003_1_0005.png,116,102,3
003_1_0006.png,85,80,3
003_1_0007.png,82,75,3
003_1_0008.png,134,121,3
003_1_0009.png,181,177,3
003_1_0010.png,219,212,3
003_1_0011.png,130,126,3
003_1_0012.png,143,135,3
003_1_0013.png,88,88,3
003_1_0014.png,78,68,3
003_1_0015.png,88,77,3
003_1_0016.png,97,85,3
003_1_0017.png,147,130,3
003_1_0018.png,94,80,3
003_1_0019.png,107,103,3
003_1_0020.png,130,112,3
003_1_0021.png,97,92,3
003_1_0022.png,96,89,3
003_1_0023.png,99,90,3
003_1_0024.png,97,97,3
003_1_0025.png,99,93,3
003_1_0026.png,111,100,3
003_1_0027.png,96,84,3
003_1_0028.png,104,88,3
003_1_0029.png,153,143,3
003_1_0030.png,331,311,3
003_1_0031.png,113,99,3
003_1_0032.png,85,78,3
003_1_0033.png,150,149,3
003_1_0034.png,144,140,3
003_1_0035.png,51,50,3
003_1_0036.png,132,122,3
003_1_0037.png,84,78,3
003_1_0038.png,178,162,3
003_1_0039.png,103,89,3
003_1_0040.png,155,142,3
003_1_0041.png,142,130,3
003_1_0042.png,131,110,3
003_1_0043.png,244,209,3
003_1_0044.png,168,150,3
003_1_0045.png,235,235,3
003_1_0046.png,131,130,3
003_1_0047.png,73,62,3
003_1_0048.png,123,123,3
003_1_0049.png,167,165,3
003_1_0050.png,122,114,3
003_1_0051.png,111,104,3
003_1_0052.png,202,207,3
003_1_0053.png,260,258,3
003_1_0054.png,133,129,3
003_1_0055.png,206,201,3
003_1_0056.png,96,85,3
003_1_0057.png,227,218,3
003_1_0058.png,179,177,3
003_1_0059.png,85,80,3
003_1_0060.png,123,123,3
003_1_0061.png,151,141,3
003_1_0062.png,244,235,3
003_1_0063.png,166,158,3
003_1_0064.png,135,131,3
003_1_0065.png,222,203,3
003_1_0066.png,151,146,3
003_1_0067.png,235,227,3
003_1_0068.png,176,159,3
003_1_0069.png,123,109,3
003_1_0070.png,114,110,3
003_1_0071.png,230,212,3
003_1_0072.png,179,154,3
003_1_0073.png,267,228,3
003_1_0074.png,266,222,3
003_1_0075.png,247,211,3
003_1_0076.png,92,92,3
003_1_0077.png,170,153,3
003_1_0078.png,139,126,3
003_1_0079.png,163,156,3
003_1_0030_1_j.png,109,120,3
003_1_0080.png,194,172,3
003_1_0081.png,191,190,3
003_1_0082.png,242,218,3
003_1_0083.png,105,94,3
003_1_0084.png,166,164,3
003_1_0085.png,155,139,3
003_1_0086.png,246,215,3
003_1_0087.png,91,76,3
003_1_0088.png,143,139,3
003_1_0089.png,213,198,3
003_1_0090.png,109,100,3
003_1_0091.png,122,110,3
003_1_0092.png,263,255,3
003_1_0093.png,160,163,3
003_1_0094.png,83,80,3
003_1_0095.png,243,230,3
003_1_0096.png,90,75,3
003_1_0097.png,126,115,3
003_1_0098.png,143,134,3
003_1_0099.png,199,173,3
003_1_0100.png,232,201,3
003_1_0101.png,298,268,3
003_1_0102.png,91,81,3
003_1_0103.png,105,98,3
003_1_0104.png,194,170,3
003_1_0105.png,203,187,3
003_1_0106.png,210,188,3
003_1_0107.png,116,102,3
003_1_0108.png,301,260,3
003_1_0109.png,92,75,3
003_1_0110.png,156,149,3
003_1_0111.png,208,184,3
003_1_0112.png,112,104,3
003_1_0113.png,90,94,3
003_1_0114.png,132,128,3
003_1_0115.png,154,134,3
003_1_0116.png,152,138,3
003_1_0117.png,165,149,3
003_1_0118.png,309,248,3
003_1_0119.png,146,135,3
003_1_0120.png,257,237,3
003_1_0121.png,106,97,3
003_1_0122.png,187,176,3
003_1_0123.png,238,208,3
003_1_0124.png,164,156,3
003_1_0125.png,67,58,3
003_1_0126.png,82,69,3
003_1_0127.png,108,106,3
003_1_0128.png,136,132,3
003_1_0129.png,111,98,3
003_0030.png,109,120,3
003_0031.png,92,87,3
003_0032.png,92,87,3
003_0033.png,72,70,3
003_0034.png,72,70,3
003_0035.png,103,94,3
003_0036.png,103,94,3
003_0037.png,76,68,3
003_0038.png,76,68,3
003_0039.png,109,102,3
003_0040.png,109,102,3
003_0041.png,97,77,3
003_0042.png,88,79,3
003_0001_j.png,98,100,3
003_0002_j.png,154,143,3
003_0003_j.png,109,93,3
003_0004_j.png,133,130,3
003_0005_j.png,106,97,3
003_0006_j.png,80,86,3
003_0007_j.png,165,166,3
003_0008_j.png,77,79,3
003_0009_j.png,89,85,3
003_0010_j.png,146,132,3
003_0011_j.png,201,197,3
003_0012_j.png,99,105,3
003_0013_j.png,111,105,3
003_0014_j.png,184,174,3
003_0015_j.png,105,100,3
003_0016_j.png,167,140,3
003_0017_j.png,113,123,3
003_0018_j.png,83,78,3
003_0019_j.png,124,107,3
003_0020_j.png,80,65,3
003_0021_j.png,48,52,3
003_0022_j.png,106,100,3
003_0023_j.png,83,86,3
003_0024_j.png,83,79,3
003_0025_j.png,87,85,3
003_0026_j.png,113,112,3
003_0027_j.png,71,69,3
003_0028_j.png,115,118,3
003_0029_j.png,60,68,3
003_1_0030.png,109,120,3
003_1_0031.png,92,87,3
003_1_0032.png,92,87,3
003_1_0033.png,72,70,3
003_1_0034.png,72,70,3
003_1_0035.png,103,94,3
003_1_0036.png,103,94,3
003_1_0037.png,76,68,3
003_1_0038.png,76,68,3
003_1_0039.png,109,102,3
003_1_0040.png,109,102,3
003_1_0041.png,97,77,3
003_1_0042.png,88,79,3
003_1_0001_1_j.png,98,100,3
003_1_0002_1_j.png,154,143,3
003_1_0003_1_j.png,109,93,3
003_1_0004_1_j.png,133,130,3
003_1_0005_1_j.png,106,97,3
003_1_0006_1_j.png,80,86,3
003_1_0007_1_j.png,165,166,3
003_1_0008_1_j.png,77,79,3
003_1_0009_1_j.png,89,85,3
003_1_0010_1_j.png,146,132,3
003_1_0011_1_j.png,201,197,3
003_1_0012_1_j.png,99,105,3
003_1_0013_1_j.png,111,105,3
003_1_0014_1_j.png,184,174,3
003_1_0015_1_j.png,105,100,3
003_1_0016_1_j.png,167,140,3
003_1_0017_1_j.png,113,123,3
003_1_0018_1_j.png,83,78,3
003_1_0019_1_j.png,124,107,3
003_1_0020_1_j.png,80,65,3
003_1_0021_1_j.png,48,52,3
003_1_0022_1_j.png,106,100,3
003_1_0023_1_j.png,83,86,3
003_1_0024_1_j.png,83,79,3
003_1_0025_1_j.png,87,85,3
003_1_0026_1_j.png,113,112,3
003_1_0027_1_j.png,71,69,3
003_1_0028_1_j.png,115,118,3
003_1_0029_1_j.png,60,68,3
005_0001.png,131,131,5
005_0002.png,94,87,5
005_0003.png,175,147,5
005_0004.png,173,145,5
005_0005.png,131,122,5
005_0006.png,82,70,5
005_0007.png,246,236,5
005_0008.png,116,107,5
005_0009.png,115,121,5
005_0010.png,115,109,5
005_0011.png,186,174,5
005_0012.png,135,127,5
005_0013.png,94,91,5
005_0014.png,76,72,5
005_0015.png,84,73,5
005_0016.png,106,94,5
005_0017.png,130,115,5
005_0018.png,186,167,5
005_0019.png,122,112,5
005_0020.png,138,126,5
005_0021.png,83,79,5
005_0022.png,134,134,5
005_0023.png,112,102,5
005_0024.png,246,224,5
005_0025.png,120,114,5
005_0026.png,154,144,5
005_0027.png,158,147,5
005_0028.png,114,107,5
005_0029.png,116,109,5
005_0030.png,102,103,5
005_0031.png,212,217,5
005_0032.png,218,184,5
005_0033.png,193,173,5
005_0034.png,144,131,5
005_0035.png,125,121,5
005_0036.png,270,240,5
005_0037.png,156,149,5
005_0038.png,91,81,5
005_0039.png,154,146,5
005_0040.png,126,117,5
005_0041.png,118,104,5
005_0042.png,173,165,5
005_0043.png,166,150,5
005_0044.png,124,117,5
005_0045.png,107,98,5
005_0046.png,221,199,5
005_0047.png,95,90,5
005_0048.png,187,171,5
005_0049.png,109,98,5
005_0050.png,140,132,5
005_0051.png,111,100,5
005_0052.png,247,209,5
005_0053.png,146,123,5
005_0054.png,137,122,5
005_0055.png,64,56,5
005_0056.png,187,173,5
005_0057.png,127,108,5
005_0058.png,235,209,5
005_0059.png,76,69,5
005_0060.png,118,109,5
005_0089.png,129,124,5
005_0090.png,154,145,5
005_0091.png,185,171,5
005_0092.png,174,158,5
005_0026_j.png,124,113,5
005_0061.png,73,76,5
005_0062.png,111,103,5
005_0063.png,147,134,5
005_0064.png,83,86,5
005_0065.png,176,162,5
005_0066.png,276,248,5
005_0067.png,212,187,5
005_0068.png,199,188,5
005_0069.png,165,143,5
005_0070.png,273,245,5
005_0071.png,165,147,5
005_0072.png,243,237,5
005_0073.png,241,206,5
005_0074.png,156,145,5
005_0075.png,245,230,5
005_0076.png,87,83,5
005_0077.png,89,77,5
005_0078.png,168,157,5
005_0079.png,234,217,5
005_0080.png,165,155,5
005_0081.png,171,152,5
005_0082.png,173,162,5
005_0083.png,106,96,5
005_0084.png,114,109,5
005_0085.png,231,212,5
005_0086.png,98,89,5
005_0087.png,95,89,5
005_0088.png,123,118,5
005_0093.png,149,137,5
005_0094.png,116,105,5
005_0095.png,83,76,5
005_0096.png,77,77,5
005_1_0001.png,131,131,5
005_1_0002.png,94,87,5
005_1_0003.png,175,147,5
005_1_0004.png,173,145,5
005_1_0005.png,131,122,5
005_1_0006.png,82,70,5
005_1_0007.png,246,236,5
005_1_0008.png,116,107,5
005_1_0009.png,115,121,5
005_1_0010.png,115,109,5
005_1_0011.png,186,174,5
005_1_0012.png,135,127,5
005_1_0013.png,94,91,5
005_1_0014.png,76,72,5
005_1_0015.png,84,73,5
005_1_0016.png,106,94,5
005_1_0017.png,130,115,5
005_1_0018.png,186,167,5
005_1_0019.png,122,112,5
005_1_0020.png,138,126,5
005_1_0021.png,83,79,5
005_1_0022.png,134,134,5
005_1_0023.png,112,102,5
005_1_0024.png,246,224,5
005_1_0025.png,120,114,5
005_1_0026.png,154,144,5
005_1_0027.png,158,147,5
005_1_0028.png,114,107,5
005_1_0029.png,116,109,5
005_1_0030.png,102,103,5
005_1_0031.png,212,217,5
005_1_0032.png,218,184,5
005_1_0033.png,193,173,5
005_1_0034.png,144,131,5
005_1_0035.png,125,121,5
005_1_0036.png,270,240,5
005_1_0037.png,156,149,5
005_1_0038.png,91,81,5
005_1_0039.png,154,146,5
005_1_0040.png,126,117,5
005_1_0041.png,118,104,5
005_1_0042.png,173,165,5
005_1_0043.png,166,150,5
005_1_0044.png,124,117,5
005_1_0045.png,107,98,5
005_1_0046.png,221,199,5
005_1_0047.png,95,90,5
005_1_0048.png,187,171,5
005_1_0049.png,109,98,5
005_1_0050.png,140,132,5
005_1_0051.png,111,100,5
005_1_0052.png,247,209,5
005_1_0053.png,146,123,5
005_1_0054.png,137,122,5
005_1_0055.png,64,56,5
005_1_0056.png,187,173,5
005_1_0057.png,127,108,5
005_1_0058.png,235,209,5
005_1_0059.png,76,69,5
005_1_0060.png,118,109,5
005_1_0089.png,129,124,5
005_1_0090.png,154,145,5
005_1_0091.png,185,171,5
005_1_0092.png,174,158,5
005_1_0026_1_j.png,124,113,5
005_1_0061.png,73,76,5
005_1_0062.png,111,103,5
005_1_0063.png,147,134,5
005_1_0064.png,83,86,5
005_1_0065.png,176,162,5
005_1_0066.png,276,248,5
005_1_0067.png,212,187,5
005_1_0068.png,199,188,5
005_1_0069.png,165,143,5
005_1_0070.png,273,245,5
005_1_0071.png,165,147,5
005_1_0072.png,243,237,5
005_1_0073.png,241,206,5
005_1_0074.png,156,145,5
005_1_0075.png,245,230,5
005_1_0076.png,87,83,5
005_1_0077.png,89,77,5
005_1_0078.png,168,157,5
005_1_0079.png,234,217,5
005_1_0080.png,165,155,5
005_1_0081.png,171,152,5
005_1_0082.png,173,162,5
005_1_0083.png,106,96,5
005_1_0084.png,114,109,5
005_1_0085.png,231,212,5
005_1_0086.png,98,89,5
005_1_0087.png,95,89,5
005_1_0088.png,123,118,5
005_1_0093.png,149,137,5
005_1_0094.png,116,105,5
005_1_0095.png,83,76,5
005_1_0096.png,77,77,5
005_0001_j.png,70,62,5
005_0002_j.png,185,166,5
005_0003_j.png,249,202,5
005_0004_j.png,128,119,5
005_0005_j.png,116,110,5
005_0006_j.png,142,129,5
005_0007_j.png,182,164,5
005_0008_j.png,181,158,5
005_0009_j.png,116,112,5
005_0010_j.png,207,185,5
005_0011_j.png,138,127,5
005_0012_j.png,202,187,5
005_0013_j.png,124,106,5
005_0014_j.png,165,159,5
005_0015_j.png,69,62,5
005_0016_j.png,159,160,5
005_0017_j.png,102,84,5
005_0018_j.png,132,134,5
005_0019_j.png,85,84,5
005_0020_j.png,94,94,5
005_0021_j.png,100,90,5
005_0022_j.png,97,92,5
005_0023_j.png,110,99,5
005_0024_j.png,85,85,5
005_0025_j.png,109,110,5
005_1_0001_1_j.png,70,62,5
005_1_0002_1_j.png,185,166,5
005_1_0003_1_j.png,249,202,5
005_1_0004_1_j.png,128,119,5
005_1_0005_1_j.png,116,110,5
005_1_0006_1_j.png,142,129,5
005_1_0007_1_j.png,182,164,5
005_1_0008_1_j.png,181,158,5
005_1_0009_1_j.png,116,112,5
005_1_0010_1_j.png,207,185,5
005_1_0011_1_j.png,138,127,5
005_1_0012_1_j.png,202,187,5
005_1_0013_1_j.png,124,106,5
005_1_0014_1_j.png,165,159,5
005_1_0015_1_j.png,69,62,5
005_1_0016_1_j.png,159,160,5
005_1_0017_1_j.png,102,84,5
005_1_0018_1_j.png,132,134,5
005_1_0019_1_j.png,85,84,5
005_1_0020_1_j.png,94,94,5
005_1_0021_1_j.png,100,90,5
005_1_0022_1_j.png,97,92,5
005_1_0023_1_j.png,110,99,5
005_1_0024_1_j.png,85,85,5
005_1_0025_1_j.png,109,110,5
007_0001.png,108,101,7
007_0002.png,111,102,7
007_0003.png,233,201,7
007_0004.png,133,117,7
007_0005.png,122,119,7
007_0006.png,133,125,7
007_0007.png,150,129,7
007_0008.png,166,147,7
007_0009.png,148,143,7
007_0010.png,185,169,7
007_0011.png,98,93,7
007_0012.png,125,103,7
007_0013.png,125,107,7
007_0014.png,103,93,7
007_0015.png,188,173,7
007_0016.png,91,78,7
007_0017.png,162,155,7
007_0018.png,166,155,7
007_0019.png,120,119,7
007_0020.png,178,158,7
007_0021.png,94,90,7
007_0022.png,229,213,7
007_0023.png,91,85,7
007_0024.png,127,113,7
007_0025.png,185,174,7
007_0026.png,119,110,7
007_0027.png,129,115,7
007_0028.png,252,222,7
007_0029.png,159,151,7
007_0030.png,211,183,7
007_0031.png,246,230,7
007_0032.png,126,113,7
007_0033.png,103,97,7
007_0034.png,232,195,7
007_0035.png,120,110,7
007_0036.png,242,227,7
007_0037.png,101,91,7
007_0038.png,225,195,7
007_0039.png,264,250,7
007_0040.png,151,149,7
007_0041.png,206,195,7
007_0042.png,94,83,7
007_0043.png,208,193,7
007_0044.png,113,106,7
007_0045.png,96,88,7
007_0046.png,98,91,7
007_0047.png,216,202,7
007_0048.png,113,108,7
007_0049.png,302,258,7
007_0050.png,119,106,7
007_0026_j.png,109,98,7
007_0051.png,173,154,7
007_0052.png,119,115,7
007_0053.png,174,168,7
007_0054.png,70,64,7
007_0055.png,165,144,7
007_0056.png,237,212,7
007_0057.png,114,102,7
007_0058.png,189,177,7
007_0059.png,227,191,7
007_0060.png,209,195,7
007_0061.png,87,85,7
007_0062.png,152,137,7
007_0063.png,239,211,7
007_0064.png,93,88,7
007_0065.png,151,139,7
007_0066.png,121,115,7
007_0067.png,209,195,7
007_0068.png,93,88,7
007_0069.png,138,129,7
007_0070.png,228,204,7
007_0071.png,131,126,7
007_0072.png,175,150,7
007_0073.png,248,231,7
007_0074.png,124,116,7
007_0075.png,233,206,7
007_1_0001.png,108,101,7
007_1_0002.png,111,102,7
007_1_0003.png,233,201,7
007_1_0004.png,133,117,7
007_1_0005.png,122,119,7
007_1_0006.png,133,125,7
007_1_0007.png,150,129,7
007_1_0008.png,166,147,7
007_1_0009.png,148,143,7
007_1_0010.png,185,169,7
007_1_0011.png,98,93,7
007_1_0012.png,125,103,7
007_1_0013.png,125,107,7
007_1_0014.png,103,93,7
007_1_0015.png,188,173,7
007_1_0016.png,91,78,7
007_1_0017.png,162,155,7
007_1_0018.png,166,155,7
007_1_0019.png,120,119,7
007_1_0020.png,178,158,7
007_1_0021.png,94,90,7
007_1_0022.png,229,213,7
007_1_0023.png,91,85,7
007_1_0024.png,127,113,7
007_1_0025.png,185,174,7
007_1_0026.png,119,110,7
007_1_0027.png,129,115,7
007_1_0028.png,252,222,7
007_1_0029.png,159,151,7
007_1_0030.png,211,183,7
007_1_0031.png,246,230,7
007_1_0032.png,126,113,7
007_1_0033.png,103,97,7
007_1_0034.png,232,195,7
007_1_0035.png,120,110,7
007_1_0036.png,242,227,7
007_1_0037.png,101,91,7
007_1_0038.png,225,195,7
007_1_0039.png,264,250,7
007_1_0040.png,151,149,7
007_1_0041.png,206,195,7
007_1_0042.png,94,83,7
007_1_0043.png,208,193,7
007_1_0044.png,113,106,7
007_1_0045.png,96,88,7
007_1_0046.png,98,91,7
007_1_0047.png,216,202,7
007_1_0048.png,113,108,7
007_1_0049.png,302,258,7
007_1_0050.png,119,106,7
007_1_0026_1_j.png,109,98,7
007_1_0051.png,173,154,7
007_1_0052.png,119,115,7
007_1_0053.png,174,168,7
007_1_0054.png,70,64,7
007_1_0055.png,165,144,7
007_1_0056.png,237,212,7
007_1_0057.png,114,102,7
007_1_0058.png,189,177,7
007_1_0059.png,227,191,7
007_1_0060.png,209,195,7
007_1_0061.png,87,85,7
007_1_0062.png,152,137,7
007_1_0063.png,239,211,7
007_1_0064.png,93,88,7
007_1_0065.png,151,139,7
007_1_0066.png,121,115,7
007_1_0067.png,209,195,7
007_1_0068.png,93,88,7
007_1_0069.png,138,129,7
007_1_0070.png,228,204,7
007_1_0071.png,131,126,7
007_1_0072.png,175,150,7
007_1_0073.png,248,231,7
007_1_0074.png,124,116,7
007_1_0075.png,233,206,7
007_0001_j.png,137,135,7
007_0002_j.png,125,124,7
007_0003_j.png,78,58,7
007_0004_j.png,121,126,7
007_0005_j.png,87,84,7
007_0006_j.png,88,98,7
007_0007_j.png,78,82,7
007_0008_j.png,97,89,7
007_0009_j.png,114,114,7
007_0010_j.png,82,81,7
007_0011_j.png,82,81,7
007_0012_j.png,109,98,7
007_0013_j.png,172,156,7
007_0014_j.png,85,84,7
007_0015_j.png,60,60,7
007_0016_j.png,83,82,7
007_0017_j.png,109,106,7
007_0018_j.png,103,101,7
007_0019_j.png,138,136,7
007_0020_j.png,108,106,7
007_0021_j.png,85,74,7
007_0022_j.png,125,122,7
007_0023_j.png,115,118,7
007_0024_j.png,107,94,7
007_0025_j.png,86,85,7
007_1_0001_1_j.png,137,135,7
007_1_0002_1_j.png,125,124,7
007_1_0003_1_j.png,78,58,7
007_1_0004_1_j.png,121,126,7
007_1_0005_1_j.png,87,84,7
007_1_0006_1_j.png,88,98,7
007_1_0007_1_j.png,78,82,7
007_1_0008_1_j.png,97,89,7
007_1_0009_1_j.png,114,114,7
007_1_0010_1_j.png,82,81,7
007_1_0011_1_j.png,82,81,7
007_1_0012_1_j.png,109,98,7
007_1_0013_1_j.png,172,156,7
007_1_0014_1_j.png,85,84,7
007_1_0015_1_j.png,60,60,7
007_1_0016_1_j.png,83,82,7
007_1_0017_1_j.png,109,106,7
007_1_0018_1_j.png,103,101,7
007_1_0019_1_j.png,138,136,7
007_1_0020_1_j.png,108,106,7
007_1_0021_1_j.png,85,74,7
007_1_0022_1_j.png,125,122,7
007_1_0023_1_j.png,115,118,7
007_1_0024_1_j.png,107,94,7
007_1_0025_1_j.png,86,85,7
011_0001.png,160,149,11
011_0002.png,117,120,11
011_0003.png,121,123,11
011_0004.png,312,298,11
011_0005.png,85,90,11
011_0006.png,148,139,11
011_0007.png,104,91,11
011_0008.png,130,111,11
011_0009.png,121,116,11
011_0010.png,148,137,11
011_0055_j.png,121,112,11
011_0011.png,114,112,11
011_0012.png,136,131,11
011_0013.png,127,118,11
011_0014.png,227,214,11
011_0015.png,277,247,11
011_0016.png,357,300,11
011_0017.png,291,288,11
011_0018.png,291,288,11
011_0019.png,201,179,11
011_0020.png,167,172,11
011_0021.png,167,172,11
011_0022.png,291,288,11
011_0023.png,154,151,11
011_0024.png,201,179,11
011_0025.png,201,179,11
011_0026.png,167,172,11
011_0027.png,167,172,11
011_0028.png,52,57,11
011_0029.png,65,58,11
011_0030.png,76,81,11
011_0031.png,76,81,11
011_0032.png,76,81,11
011_0033.png,76,81,11
011_0034.png,56,56,11
011_0035.png,57,54,11
011_0036.png,44,42,11
011_0037.png,49,54,11
011_0038.png,71,68,11
011_0039.png,57,57,11
011_0040.png,132,130,11
011_0041.png,101,101,11
011_0042.png,101,101,11
011_0043.png,101,101,11
011_0044.png,101,101,11
011_0045.png,113,122,11
011_0046.png,52,57,11
011_0047.png,52,57,11
011_0048.png,65,58,11
011_0049.png,65,58,11
011_0050.png,65,58,11
011_0051.png,65,58,11
011_0052.png,76,81,11
011_0053.png,76,81,11
011_0054.png,65,58,11
011_0055.png,56,56,11
011_0056.png,57,54,11
011_0057.png,44,42,11
011_0058.png,49,54,11
011_0059.png,71,68,11
011_0060.png,57,57,11
011_0061.png,132,130,11
011_0062.png,101,101,11
011_0063.png,113,122,11
011_0064.png,154,151,11
011_0065.png,291,288,11
011_0066.png,201,179,11
011_0067.png,154,151,11
011_0068.png,154,151,11
011_1_0001.png,160,149,11
011_1_0002.png,117,120,11
011_1_0003.png,121,123,11
011_1_0004.png,312,298,11
011_1_0005.png,85,90,11
011_1_0006.png,148,139,11
011_1_0007.png,104,91,11
011_1_0008.png,130,111,11
011_1_0009.png,121,116,11
011_1_0010.png,148,137,11
011_1_0055_1_j.png,121,112,11
011_1_0011.png,114,112,11
011_1_0012.png,136,131,11
011_1_0013.png,127,118,11
011_1_0014.png,227,214,11
011_1_0015.png,277,247,11
011_1_0016.png,357,300,11
011_1_0017.png,291,288,11
011_1_0018.png,291,288,11
011_1_0019.png,201,179,11
011_1_0020.png,167,172,11
011_1_0021.png,167,172,11
011_1_0022.png,291,288,11
011_1_0023.png,154,151,11
011_1_0024.png,201,179,11
011_1_0025.png,201,179,11
011_1_0026.png,167,172,11
011_1_0027.png,167,172,11
011_1_0028.png,52,57,11
011_1_0029.png,65,58,11
011_1_0030.png,76,81,11
011_1_0031.png,76,81,11
011_1_0032.png,76,81,11
011_1_0033.png,76,81,11
011_1_0034.png,56,56,11
011_1_0035.png,57,54,11
011_1_0036.png,44,42,11
011_1_0037.png,49,54,11
011_1_0038.png,71,68,11
011_1_0039.png,57,57,11
011_1_0040.png,132,130,11
011_1_0041.png,101,101,11
011_1_0042.png,101,101,11
011_1_0043.png,101,101,11
011_1_0044.png,101,101,11
011_1_0045.png,113,122,11
011_1_0046.png,52,57,11
011_1_0047.png,52,57,11
011_1_0048.png,65,58,11
011_1_0049.png,65,58,11
011_1_0050.png,65,58,11
011_1_0051.png,65,58,11
011_1_0052.png,76,81,11
011_1_0053.png,76,81,11
011_1_0054.png,65,58,11
011_1_0055.png,56,56,11
011_1_0056.png,57,54,11
011_1_0057.png,44,42,11
011_1_0058.png,49,54,11
011_1_0059.png,71,68,11
011_1_0060.png,57,57,11
011_1_0061.png,132,130,11
011_1_0062.png,101,101,11
011_1_0063.png,113,122,11
011_1_0064.png,154,151,11
011_1_0065.png,291,288,11
011_1_0066.png,201,179,11
011_1_0067.png,154,151,11
011_1_0068.png,154,151,11
011_0001_j.png,52,57,11
011_0002_j.png,65,58,11
011_0003_j.png,76,81,11
011_0004_j.png,56,56,11
011_0005_j.png,57,54,11
011_0006_j.png,44,42,11
011_0007_j.png,49,54,11
011_0008_j.png,71,68,11
011_0009_j.png,57,57,11
011_0010_j.png,132,130,11
011_0011_j.png,101,101,11
011_0012_j.png,113,122,11
011_0013_j.png,52,57,11
011_0014_j.png,65,58,11
011_0015_j.png,76,81,11
011_0016_j.png,56,56,11
011_0017_j.png,44,42,11
011_0018_j.png,49,54,11
011_0019_j.png,101,101,11
011_0020_j.png,113,122,11
011_0021_j.png,113,127,11
011_0022_j.png,98,97,11
011_0023_j.png,60,67,11
011_0024_j.png,59,63,11
011_0025_j.png,56,63,11
011_0026_j.png,79,87,11
011_0027_j.png,62,66,11
011_0028_j.png,61,67,11
011_0029_j.png,55,71,11
011_0030_j.png,101,95,11
011_0031_j.png,62,65,11
011_0032_j.png,58,61,11
011_0033_j.png,51,53,11
011_0034_j.png,69,72,11
011_0035_j.png,82,81,11
011_0036_j.png,70,81,11
011_0037_j.png,67,72,11
011_0038_j.png,69,73,11
011_0039_j.png,82,87,11
011_0040_j.png,94,99,11
011_0041_j.png,101,97,11
011_0042_j.png,152,133,11
011_0043_j.png,87,95,11
011_0044_j.png,120,115,11
011_0045_j.png,110,108,11
011_0046_j.png,103,97,11
011_0047_j.png,159,158,11
011_0048_j.png,121,108,11
011_0049_j.png,188,172,11
011_0050_j.png,107,107,11
011_0051_j.png,173,165,11
011_0052_j.png,110,96,11
011_0053_j.png,94,77,11
011_0054_j.png,155,153,11
011_0056.png,108,99,11
011_0057.png,108,99,11
011_0058.png,90,92,11
011_0059.png,90,92,11
011_0060.png,115,101,11
011_0061.png,115,101,11
011_0062.png,90,96,11
011_0063.png,90,96,11
011_0064.png,91,84,11
011_0065.png,91,84,11
011_0066.png,67,67,11
011_1_0001_1_j.png,52,57,11
011_1_0002_1_j.png,65,58,11
011_1_0003_1_j.png,76,81,11
011_1_0004_1_j.png,56,56,11
011_1_0005_1_j.png,57,54,11
011_1_0006_1_j.png,44,42,11
011_1_0007_1_j.png,49,54,11
011_1_0008_1_j.png,71,68,11
011_1_0009_1_j.png,57,57,11
011_1_0010_1_j.png,132,130,11
011_1_0011_1_j.png,101,101,11
011_1_0012_1_j.png,113,122,11
011_1_0013_1_j.png,52,57,11
011_1_0014_1_j.png,65,58,11
011_1_0015_1_j.png,76,81,11
011_1_0016_1_j.png,56,56,11
011_1_0017_1_j.png,44,42,11
011_1_0018_1_j.png,49,54,11
011_1_0019_1_j.png,101,101,11
011_1_0020_1_j.png,113,122,11
011_1_0021_1_j.png,113,127,11
011_1_0022_1_j.png,98,97,11
011_1_0023_1_j.png,60,67,11
011_1_0024_1_j.png,59,63,11
011_1_0025_1_j.png,56,63,11
011_1_0026_1_j.png,79,87,11
011_1_0027_1_j.png,62,66,11
011_1_0028_1_j.png,61,67,11
011_1_0029_1_j.png,55,71,11
011_1_0030_1_j.png,101,95,11
011_1_0031_1_j.png,62,65,11
011_1_0032_1_j.png,58,61,11
011_1_0033_1_j.png,51,53,11
011_1_0034_1_j.png,69,72,11
011_1_0035_1_j.png,82,81,11
011_1_0036_1_j.png,70,81,11
011_1_0037_1_j.png,67,72,11
011_1_0038_1_j.png,69,73,11
011_1_0039_1_j.png,82,87,11
011_1_0040_1_j.png,94,99,11
011_1_0041_1_j.png,101,97,11
011_1_0042_1_j.png,152,133,11
011_1_0043_1_j.png,87,95,11
011_1_0044_1_j.png,120,115,11
011_1_0045_1_j.png,110,108,11
011_1_0046_1_j.png,103,97,11
011_1_0047_1_j.png,159,158,11
011_1_0048_1_j.png,121,108,11
011_1_0049_1_j.png,188,172,11
011_1_0050_1_j.png,107,107,11
011_1_0051_1_j.png,173,165,11
011_1_0052_1_j.png,110,96,11
011_1_0053_1_j.png,94,77,11
011_1_0054_1_j.png,155,153,11
011_1_0056.png,108,99,11
011_1_0057.png,108,99,11
011_1_0058.png,90,92,11
011_1_0059.png,90,92,11
011_1_0060.png,115,101,11
011_1_0061.png,115,101,11
011_1_0062.png,90,96,11
011_1_0063.png,90,96,11
011_1_0064.png,91,84,11
011_1_0065.png,91,84,11
011_1_0066.png,67,67,11
016_0001.png,117,106,16
016_0002.png,167,152,16
016_0003.png,120,107,16
016_0004.png,125,109,16
016_0005.png,198,177,16
016_0006.png,206,180,16
016_0007.png,96,94,16
016_0008.png,72,70,16
016_0009.png,177,168,16
016_0010.png,126,119,16
016_0011.png,133,129,16
016_0012.png,221,205,16
016_0013.png,125,121,16
016_0014.png,136,130,16
016_0015.png,98,102,16
016_0016.png,201,200,16
016_0039_j.png,93,83,16
016_0017.png,157,150,16
016_0018.png,223,202,16
016_0019.png,216,200,16
016_0020.png,191,174,16
016_0021.png,85,75,16
016_0022.png,132,126,16
016_0023.png,168,164,16
016_0024.png,43,46,16
016_0025.png,52,46,16
016_0026.png,77,69,16
016_0027.png,56,56,16
016_0028.png,99,104,16
016_0029.png,55,57,16
016_0030.png,103,108,16
016_0031.png,142,154,16
016_0032.png,77,80,16
016_0033.png,126,121,16
016_0034.png,90,98,16
016_0035.png,133,142,16
016_0036.png,157,126,16
016_0037.png,157,126,16
016_0038.png,116,111,16
016_0039.png,116,111,16
016_0040.png,141,122,16
016_0041.png,141,122,16
016_0042.png,153,148,16
016_0043.png,153,148,16
016_0044.png,43,46,16
016_0045.png,52,46,16
016_0046.png,77,69,16
016_0047.png,56,56,16
016_0048.png,99,104,16
016_0049.png,55,57,16
016_0050.png,103,108,16
016_0051.png,142,154,16
016_0052.png,77,80,16
016_0053.png,126,121,16
016_0054.png,90,98,16
016_0055.png,133,142,16
016_0056.png,157,126,16
016_0057.png,157,126,16
016_0058.png,116,111,16
016_0059.png,116,111,16
016_0060.png,141,122,16
016_0061.png,141,122,16
016_0062.png,153,148,16
016_0063.png,153,148,16
016_0064.png,153,143,16
016_0065.png,224,208,16
016_0066.png,179,170,16
016_0067.png,100,101,16
016_0068.png,159,171,16
016_0069.png,151,133,16
016_0070.png,219,199,16
016_1_0001.png,117,106,16
016_1_0002.png,167,152,16
016_1_0003.png,120,107,16
016_1_0004.png,125,109,16
016_1_0005.png,198,177,16
016_1_0006.png,206,180,16
016_1_0007.png,96,94,16
016_1_0008.png,72,70,16
016_1_0009.png,177,168,16
016_1_0010.png,126,119,16
016_1_0011.png,133,129,16
016_1_0012.png,221,205,16
016_1_0013.png,125,121,16
016_1_0014.png,136,130,16
016_1_0015.png,98,102,16
016_1_0016.png,201,200,16
016_1_0039_1_j.png,93,83,16
016_1_0017.png,157,150,16
016_1_0018.png,223,202,16
016_1_0019.png,216,200,16
016_1_0020.png,191,174,16
016_1_0021.png,85,75,16
016_1_0022.png,132,126,16
016_1_0023.png,168,164,16
016_1_0024.png,43,46,16
016_1_0025.png,52,46,16
016_1_0026.png,77,69,16
016_1_0027.png,56,56,16
016_1_0028.png,99,104,16
016_1_0029.png,55,57,16
016_1_0030.png,103,108,16
016_1_0031.png,142,154,16
016_1_0032.png,77,80,16
016_1_0033.png,126,121,16
016_1_0034.png,90,98,16
016_1_0035.png,133,142,16
016_1_0036.png,157,126,16
016_1_0037.png,157,126,16
016_1_0038.png,116,111,16
016_1_0039.png,116,111,16
016_1_0040.png,141,122,16
016_1_0041.png,141,122,16
016_1_0042.png,153,148,16
016_1_0043.png,153,148,16
016_1_0044.png,43,46,16
016_1_0045.png,52,46,16
016_1_0046.png,77,69,16
016_1_0047.png,56,56,16
016_1_0048.png,99,104,16
016_1_0049.png,55,57,16
016_1_0050.png,103,108,16
016_1_0051.png,142,154,16
016_1_0052.png,77,80,16
016_1_0053.png,126,121,16
016_1_0054.png,90,98,16
016_1_0055.png,133,142,16
016_1_0056.png,157,126,16
016_1_0057.png,157,126,16
016_1_0058.png,116,111,16
016_1_0059.png,116,111,16
016_1_0060.png,141,122,16
016_1_0061.png,141,122,16
016_1_0062.png,153,148,16
016_1_0063.png,153,148,16
016_1_0064.png,153,143,16
016_1_0065.png,224,208,16
016_1_0066.png,179,170,16
016_1_0067.png,100,101,16
016_1_0068.png,159,171,16
016_1_0069.png,151,133,16
016_1_0070.png,219,199,16
016_0001_j.png,43,46,16
016_0002_j.png,52,46,16
016_0003_j.png,77,69,16
016_0004_j.png,56,56,16
016_0005_j.png,99,104,16
016_0006_j.png,55,57,16
016_0007_j.png,103,108,16
016_0008_j.png,142,154,16
016_0009_j.png,77,80,16
016_0010_j.png,126,121,16
016_0011_j.png,90,98,16
016_0012_j.png,52,46,16
016_0013_j.png,77,69,16
016_0014_j.png,90,98,16
016_0015_j.png,62,61,16
016_0016_j.png,63,66,16
016_0017_j.png,89,89,16
016_0018_j.png,81,68,16
016_0019_j.png,172,161,16
016_0020_j.png,117,119,16
016_0021_j.png,96,93,16
016_0022_j.png,173,157,16
016_0023_j.png,80,72,16
016_0024_j.png,91,94,16
016_0025_j.png,107,101,16
016_0026_j.png,150,140,16
016_0027_j.png,102,86,16
016_0028_j.png,107,101,16
016_0029_j.png,158,148,16
016_0030_j.png,154,141,16
016_0031_j.png,134,106,16
016_0032_j.png,89,77,16
016_0033_j.png,47,40,16
016_0034_j.png,84,76,16
016_0035_j.png,96,69,16
016_0036_j.png,85,85,16
016_0037_j.png,131,130,16
016_0038_j.png,106,100,16
016_1_0001_1_j.png,43,46,16
016_1_0002_1_j.png,52,46,16
016_1_0003_1_j.png,77,69,16
016_1_0004_1_j.png,56,56,16
016_1_0005_1_j.png,99,104,16
016_1_0006_1_j.png,55,57,16
016_1_0007_1_j.png,103,108,16
016_1_0008_1_j.png,142,154,16
016_1_0009_1_j.png,77,80,16
016_1_0010_1_j.png,126,121,16
016_1_0011_1_j.png,90,98,16
016_1_0012_1_j.png,52,46,16
016_1_0013_1_j.png,77,69,16
016_1_0014_1_j.png,90,98,16
016_1_0015_1_j.png,62,61,16
016_1_0016_1_j.png,63,66,16
016_1_0017_1_j.png,89,89,16
016_1_0018_1_j.png,81,68,16
016_1_0019_1_j.png,172,161,16
016_1_0020_1_j.png,117,119,16
016_1_0021_1_j.png,96,93,16
016_1_0022_1_j.png,173,157,16
016_1_0023_1_j.png,80,72,16
016_1_0024_1_j.png,91,94,16
016_1_0025_1_j.png,107,101,16
016_1_0026_1_j.png,150,140,16
016_1_0027_1_j.png,102,86,16
016_1_0028_1_j.png,107,101,16
016_1_0029_1_j.png,158,148,16
016_1_0030_1_j.png,154,141,16
016_1_0031_1_j.png,134,106,16
016_1_0032_1_j.png,89,77,16
016_1_0033_1_j.png,47,40,16
016_1_0034_1_j.png,84,76,16
016_1_0035_1_j.png,96,69,16
016_1_0036_1_j.png,85,85,16
016_1_0037_1_j.png,131,130,16
016_1_0038_1_j.png,106,100,16
017_0001.png,175,175,17
017_0002.png,111,102,17
017_0003.png,123,106,17
017_0004.png,108,105,17
017_0005.png,153,143,17
017_0006.png,154,146,17
017_0007.png,136,123,17
017_0008.png,127,117,17
017_0009.png,92,94,17
017_0010.png,169,155,17
017_0011.png,130,120,17
017_0012.png,228,192,17
017_0013.png,171,167,17
017_0014.png,126,120,17
017_0015.png,125,125,17
017_0016.png,87,79,17
017_0017.png,114,103,17
017_0018.png,112,101,17
017_0019.png,189,179,17
017_0020.png,158,143,17
017_0021.png,74,63,17
017_0022.png,133,127,17
017_0023.png,83,78,17
017_0024.png,95,87,17
017_0025.png,207,199,17
017_0026.png,79,80,17
017_0027.png,88,84,17
017_0028.png,120,109,17
017_0029.png,145,130,17
017_0030.png,93,90,17
017_0031.png,204,196,17
017_0032.png,147,135,17
017_0033.png,112,104,17
017_0034.png,116,106,17
017_0035.png,162,150,17
017_0036.png,78,73,17
017_0037.png,114,107,17
017_0038.png,126,112,17
017_0039.png,99,99,17
017_0040.png,89,88,17
017_0032_j.png,128,122,17
017_0041.png,146,138,17
017_0042.png,87,83,17
017_0043.png,113,108,17
017_0044.png,161,156,17
017_0045.png,144,122,17
017_0046.png,170,168,17
017_0047.png,149,139,17
017_0048.png,256,239,17
017_0049.png,146,127,17
017_0050.png,212,195,17
017_0051.png,256,229,17
017_0052.png,131,116,17
017_0053.png,102,93,17
017_0054.png,235,216,17
017_0055.png,131,120,17
017_0056.png,263,245,17
017_0057.png,85,86,17
017_0058.png,212,183,17
017_0059.png,218,224,17
017_0060.png,120,109,17
017_0061.png,214,211,17
017_0062.png,150,154,17
017_0063.png,101,95,17
017_0064.png,162,150,17
017_1_0001.png,175,175,17
017_1_0002.png,111,102,17
017_1_0003.png,123,106,17
017_1_0004.png,108,105,17
017_1_0005.png,153,143,17
017_1_0006.png,154,146,17
017_1_0007.png,136,123,17
017_1_0008.png,127,117,17
017_1_0009.png,92,94,17
017_1_0010.png,169,155,17
017_1_0011.png,130,120,17
017_1_0012.png,228,192,17
017_1_0013.png,171,167,17
017_1_0014.png,126,120,17
017_1_0015.png,125,125,17
017_1_0016.png,87,79,17
017_1_0017.png,114,103,17
017_1_0018.png,112,101,17
017_1_0019.png,189,179,17
017_1_0020.png,158,143,17
017_1_0021.png,74,63,17
017_1_0022.png,133,127,17
017_1_0023.png,83,78,17
017_1_0024.png,95,87,17
017_1_0025.png,207,199,17
017_1_0026.png,79,80,17
017_1_0027.png,88,84,17
017_1_0028.png,120,109,17
017_1_0029.png,145,130,17
017_1_0030.png,93,90,17
017_1_0031.png,204,196,17
017_1_0032.png,147,135,17
017_1_0033.png,112,104,17
017_1_0034.png,116,106,17
017_1_0035.png,162,150,17
017_1_0036.png,78,73,17
017_1_0037.png,114,107,17
017_1_0038.png,126,112,17
017_1_0039.png,99,99,17
017_1_0040.png,89,88,17
017_1_0032_1_j.png,128,122,17
017_1_0041.png,146,138,17
017_1_0042.png,87,83,17
017_1_0043.png,113,108,17
017_1_0044.png,161,156,17
017_1_0045.png,144,122,17
017_1_0046.png,170,168,17
017_1_0047.png,149,139,17
017_1_0048.png,256,239,17
017_1_0049.png,146,127,17
017_1_0050.png,212,195,17
017_1_0051.png,256,229,17
017_1_0052.png,131,116,17
017_1_0053.png,102,93,17
017_1_0054.png,235,216,17
017_1_0055.png,131,120,17
017_1_0056.png,263,245,17
017_1_0057.png,85,86,17
017_1_0058.png,212,183,17
017_1_0059.png,218,224,17
017_1_0060.png,120,109,17
017_1_0061.png,214,211,17
017_1_0062.png,150,154,17
017_1_0063.png,101,95,17
017_1_0064.png,162,150,17
017_0001_j.png,163,160,17
017_0002_j.png,168,149,17
017_0003_j.png,207,196,17
017_0004_j.png,79,76,17
017_0005_j.png,98,97,17
017_0006_j.png,98,97,17
017_0007_j.png,82,77,17
017_0008_j.png,121,117,17
017_0009_j.png,121,117,17
017_0010_j.png,117,108,17
017_0011_j.png,84,81,17
017_0012_j.png,84,81,17
017_0013_j.png,115,114,17
017_0014_j.png,100,107,17
017_0015_j.png,93,87,17
017_0016_j.png,104,103,17
017_0017_j.png,85,76,17
017_0018_j.png,128,130,17
017_0019_j.png,127,131,17
017_0020_j.png,105,103,17
017_0021_j.png,83,84,17
017_0022_j.png,115,113,17
017_0023_j.png,106,112,17
017_0024_j.png,86,81,17
017_0025_j.png,96,87,17
017_0026_j.png,122,104,17
017_0027_j.png,153,132,17
017_0028_j.png,93,88,17
017_0029_j.png,163,148,17
017_0030_j.png,149,142,17
017_0031_j.png,114,98,17
017_0033.png,88,88,17
017_0034.png,88,88,17
017_0035.png,85,104,17
017_0036.png,85,104,17
017_0037.png,92,86,17
017_0038.png,92,86,17
017_0039.png,109,102,17
017_0040.png,93,84,17
017_0041.png,118,106,17
017_0042.png,123,120,17
017_0043.png,122,110,17
017_1_0001_1_j.png,163,160,17
017_1_0002_1_j.png,168,149,17
017_1_0003_1_j.png,207,196,17
017_1_0004_1_j.png,79,76,17
017_1_0005_1_j.png,98,97,17
017_1_0006_1_j.png,98,97,17
017_1_0007_1_j.png,82,77,17
017_1_0008_1_j.png,121,117,17
017_1_0009_1_j.png,121,117,17
017_1_0010_1_j.png,117,108,17
017_1_0011_1_j.png,84,81,17
017_1_0012_1_j.png,84,81,17
017_1_0013_1_j.png,115,114,17
017_1_0014_1_j.png,100,107,17
017_1_0015_1_j.png,93,87,17
017_1_0016_1_j.png,104,103,17
017_1_0017_1_j.png,85,76,17
017_1_0018_1_j.png,128,130,17
017_1_0019_1_j.png,127,131,17
017_1_0020_1_j.png,105,103,17
017_1_0021_1_j.png,83,84,17
017_1_0022_1_j.png,115,113,17
017_1_0023_1_j.png,106,112,17
017_1_0024_1_j.png,86,81,17
017_1_0025_1_j.png,96,87,17
017_1_0026_1_j.png,122,104,17
017_1_0027_1_j.png,153,132,17
017_1_0028_1_j.png,93,88,17
017_1_0029_1_j.png,163,148,17
017_1_0030_1_j.png,149,142,17
017_1_0031_1_j.png,114,98,17
017_1_0033.png,88,88,17
017_1_0034.png,88,88,17
017_1_0035.png,85,104,17
017_1_0036.png,85,104,17
017_1_0037.png,92,86,17
017_1_0038.png,92,86,17
017_1_0039.png,109,102,17
017_1_0040.png,93,84,17
017_1_0041.png,118,106,17
017_1_0042.png,123,120,17
017_1_0043.png,122,110,17
026_0001.png,180,152,26
026_0002.png,145,144,26
026_0003.png,176,149,26
026_0004.png,98,94,26
026_0005.png,121,113,26
026_0006.png,143,138,26
026_0007.png,120,112,26
026_0008.png,139,123,26
026_0009.png,128,111,26
026_0010.png,162,143,26
026_0011.png,178,157,26
026_0012.png,94,84,26
026_0013.png,180,165,26
026_0014.png,175,175,26
026_0015.png,263,214,26
026_0016.png,142,128,26
026_0017.png,204,182,26
026_0018.png,147,129,26
026_0019.png,142,139,26
026_0020.png,165,144,26
026_0021.png,90,83,26
026_0022.png,133,138,26
026_0023.png,223,219,26
026_0024.png,193,184,26
026_0025.png,195,185,26
026_0026.png,123,115,26
026_0027.png,95,91,26
026_0028.png,119,108,26
026_0029.png,93,80,26
026_0030.png,187,174,26
026_0031.png,157,153,26
026_0032.png,110,101,26
026_0033.png,104,99,26
026_0034.png,188,174,26
026_0035.png,118,115,26
026_0036.png,92,91,26
026_0037.png,167,150,26
026_0038.png,123,115,26
026_0039.png,124,110,26
026_0040.png,124,122,26
026_0068_j.png,101,105,26
026_0041.png,119,122,26
026_0042.png,230,212,26
026_0043.png,104,102,26
026_0044.png,152,141,26
026_0045.png,101,108,26
026_0046.png,159,159,26
026_0047.png,218,188,26
026_0048.png,150,137,26
026_0049.png,83,84,26
026_0050.png,113,102,26
026_0051.png,136,135,26
026_0052.png,141,141,26
026_0053.png,122,120,26
026_0054.png,220,209,26
026_0055.png,171,164,26
026_0056.png,327,276,26
026_0057.png,107,110,26
026_0058.png,132,123,26
026_0059.png,216,207,26
026_0060.png,112,113,26
026_0061.png,100,102,26
026_0062.png,93,86,26
026_1_0001.png,180,152,26
026_1_0002.png,145,144,26
026_1_0003.png,176,149,26
026_1_0004.png,98,94,26
026_1_0005.png,121,113,26
026_1_0006.png,143,138,26
026_1_0007.png,120,112,26
026_1_0008.png,139,123,26
026_1_0009.png,128,111,26
026_1_0010.png,162,143,26
026_1_0011.png,178,157,26
026_1_0012.png,94,84,26
026_1_0013.png,180,165,26
026_1_0014.png,175,175,26
026_1_0015.png,263,214,26
026_1_0016.png,142,128,26
026_1_0017.png,204,182,26
026_1_0018.png,147,129,26
026_1_0019.png,142,139,26
026_1_0020.png,165,144,26
026_1_0021.png,90,83,26
026_1_0022.png,133,138,26
026_1_0023.png,223,219,26
026_1_0024.png,193,184,26
026_1_0025.png,195,185,26
026_1_0026.png,123,115,26
026_1_0027.png,95,91,26
026_1_0028.png,119,108,26
026_1_0029.png,93,80,26
026_1_0030.png,187,174,26
026_1_0031.png,157,153,26
026_1_0032.png,110,101,26
026_1_0033.png,104,99,26
026_1_0034.png,188,174,26
026_1_0035.png,118,115,26
026_1_0036.png,92,91,26
026_1_0037.png,167,150,26
026_1_0038.png,123,115,26
026_1_0039.png,124,110,26
026_1_0040.png,124,122,26
026_1_0068_1_j.png,101,105,26
026_1_0041.png,119,122,26
026_1_0042.png,230,212,26
026_1_0043.png,104,102,26
026_1_0044.png,152,141,26
026_1_0045.png,101,108,26
026_1_0046.png,159,159,26
026_1_0047.png,218,188,26
026_1_0048.png,150,137,26
026_1_0049.png,83,84,26
026_1_0050.png,113,102,26
026_1_0051.png,136,135,26
026_1_0052.png,141,141,26
026_1_0053.png,122,120,26
026_1_0054.png,220,209,26
026_1_0055.png,171,164,26
026_1_0056.png,327,276,26
026_1_0057.png,107,110,26
026_1_0058.png,132,123,26
026_1_0059.png,216,207,26
026_1_0060.png,112,113,26
026_1_0061.png,100,102,26
026_1_0062.png,93,86,26
026_0001_j.png,84,76,26
026_0002_j.png,84,76,26
026_0003_j.png,84,76,26
026_0004_j.png,84,76,26
026_0005_j.png,47,44,26
026_0006_j.png,36,34,26
026_0007_j.png,112,107,26
026_0008_j.png,124,139,26
026_0009_j.png,98,93,26
026_0010_j.png,148,137,26
026_0011_j.png,112,107,26
026_0012_j.png,84,83,26
026_0013_j.png,195,176,26
026_0014_j.png,152,139,26
026_0015_j.png,133,126,26
026_0016_j.png,208,175,26
026_0017_j.png,127,116,26
026_0018_j.png,181,151,26
026_0019_j.png,103,99,26
026_0020_j.png,62,64,26
026_0021_j.png,87,86,26
026_0022_j.png,117,101,26
026_0023_j.png,87,76,26
026_0024_j.png,60,56,26
026_0025_j.png,61,66,26
026_0026_j.png,62,61,26
026_0027_j.png,86,83,26
026_0028_j.png,63,62,26
026_0029_j.png,146,126,26
026_0030_j.png,133,109,26
026_0031_j.png,160,130,26
026_0032_j.png,90,74,26
026_0033_j.png,65,79,26
026_0034_j.png,75,52,26
026_0035_j.png,73,61,26
026_0036_j.png,87,89,26
026_0037_j.png,116,83,26
026_0038_j.png,97,91,26
026_0039_j.png,136,130,26
026_0040_j.png,108,104,26
026_0041_j.png,139,131,26
026_0042_j.png,90,79,26
026_0043_j.png,118,101,26
026_0044_j.png,85,74,26
026_0045_j.png,91,91,26
026_0046_j.png,127,114,26
026_0047_j.png,100,101,26
026_0048_j.png,164,149,26
026_0049_j.png,89,81,26
026_0050_j.png,124,118,26
026_0051_j.png,187,180,26
026_0052_j.png,77,68,26
026_0053_j.png,77,74,26
026_0054_j.png,104,101,26
026_0055_j.png,104,100,26
026_0056_j.png,138,137,26
026_0057_j.png,110,98,26
026_0058_j.png,86,84,26
026_0059_j.png,118,113,26
026_0060_j.png,108,96,26
026_0061_j.png,69,67,26
026_0062_j.png,99,94,26
026_0063_j.png,122,117,26
026_0064_j.png,88,83,26
026_0065_j.png,164,149,26
026_0066_j.png,117,112,26
026_0067_j.png,182,173,26
026_1_0001_1_j.png,84,76,26
026_1_0002_1_j.png,84,76,26
026_1_0003_1_j.png,84,76,26
026_1_0004_1_j.png,84,76,26
026_1_0005_1_j.png,47,44,26
026_1_0006_1_j.png,36,34,26
026_1_0007_1_j.png,112,107,26
026_1_0008_1_j.png,124,139,26
026_1_0009_1_j.png,98,93,26
026_1_0010_1_j.png,148,137,26
026_1_0011_1_j.png,112,107,26
026_1_0012_1_j.png,84,83,26
026_1_0013_1_j.png,195,176,26
026_1_0014_1_j.png,152,139,26
026_1_0015_1_j.png,133,126,26
026_1_0016_1_j.png,208,175,26
026_1_0017_1_j.png,127,116,26
026_1_0018_1_j.png,181,151,26
026_1_0019_1_j.png,103,99,26
026_1_0020_1_j.png,62,64,26
026_1_0021_1_j.png,87,86,26
026_1_0022_1_j.png,117,101,26
026_1_0023_1_j.png,87,76,26
026_1_0024_1_j.png,60,56,26
026_1_0025_1_j.png,61,66,26
026_1_0026_1_j.png,62,61,26
026_1_0027_1_j.png,86,83,26
026_1_0028_1_j.png,63,62,26
026_1_0029_1_j.png,146,126,26
026_1_0030_1_j.png,133,109,26
026_1_0031_1_j.png,160,130,26
026_1_0032_1_j.png,90,74,26
026_1_0033_1_j.png,65,79,26
026_1_0034_1_j.png,75,52,26
026_1_0035_1_j.png,73,61,26
026_1_0036_1_j.png,87,89,26
026_1_0037_1_j.png,116,83,26
026_1_0038_1_j.png,97,91,26
026_1_0039_1_j.png,136,130,26
026_1_0040_1_j.png,108,104,26
026_1_0041_1_j.png,139,131,26
026_1_0042_1_j.png,90,79,26
026_1_0043_1_j.png,118,101,26
026_1_0044_1_j.png,85,74,26
026_1_0045_1_j.png,91,91,26
026_1_0046_1_j.png,127,114,26
026_1_0047_1_j.png,100,101,26
026_1_0048_1_j.png,164,149,26
026_1_0049_1_j.png,89,81,26
026_1_0050_1_j.png,124,118,26
026_1_0051_1_j.png,187,180,26
026_1_0052_1_j.png,77,68,26
026_1_0053_1_j.png,77,74,26
026_1_0054_1_j.png,104,101,26
026_1_0055_1_j.png,104,100,26
026_1_0056_1_j.png,138,137,26
026_1_0057_1_j.png,110,98,26
026_1_0058_1_j.png,86,84,26
026_1_0059_1_j.png,118,113,26
026_1_0060_1_j.png,108,96,26
026_1_0061_1_j.png,69,67,26
026_1_0062_1_j.png,99,94,26
026_1_0063_1_j.png,122,117,26
026_1_0064_1_j.png,88,83,26
026_1_0065_1_j.png,164,149,26
026_1_0066_1_j.png,117,112,26
026_1_0067_1_j.png,182,173,26
028_0001.png,160,150,28
028_0002.png,118,114,28
028_0003.png,272,263,28
028_0004.png,185,181,28
028_0005.png,119,118,28
028_0006.png,125,118,28
028_0007.png,155,155,28
028_0008.png,123,114,28
028_0009.png,199,184,28
028_0010.png,106,104,28
028_0057.png,165,156,28
028_0078.png,169,155,28
028_0035_j.png,126,123,28
028_0011.png,95,94,28
028_0012.png,117,117,28
028_0013.png,115,115,28
028_0014.png,193,189,28
028_0015.png,140,135,28
028_0016.png,178,147,28
028_0017.png,178,147,28
028_0018.png,97,105,28
028_0019.png,97,105,28
028_0020.png,257,247,28
028_0021.png,257,247,28
028_0022.png,305,298,28
028_0023.png,239,207,28
028_0024.png,370,325,28
028_0025.png,94,93,28
028_0026.png,136,145,28
028_0027.png,170,183,28
028_0028.png,176,160,28
028_0029.png,203,179,28
028_0030.png,203,179,28
028_0031.png,113,98,28
028_0032.png,169,155,28
028_0033.png,244,198,28
028_0034.png,235,208,28
028_0035.png,244,221,28
028_0036.png,244,221,28
028_0037.png,370,325,28
028_0038.png,207,180,28
028_0039.png,207,180,28
028_0040.png,239,207,28
028_0041.png,210,206,28
028_0042.png,140,129,28
028_0043.png,171,161,28
028_0044.png,171,161,28
028_0045.png,95,78,28
028_0046.png,95,78,28
028_0047.png,95,78,28
028_0048.png,95,78,28
028_0049.png,165,151,28
028_0050.png,165,151,28
028_0051.png,204,201,28
028_0052.png,204,201,28
028_0053.png,229,216,28
028_0054.png,229,216,28
028_0055.png,170,183,28
028_0056.png,305,298,28
028_0058.png,165,156,28
028_0059.png,94,93,28
028_0060.png,79,75,28
028_0061.png,79,75,28
028_0062.png,141,134,28
028_0063.png,141,134,28
028_0064.png,165,144,28
028_0065.png,165,144,28
028_0066.png,107,97,28
028_0067.png,107,97,28
028_0068.png,176,160,28
028_0069.png,113,98,28
028_0070.png,178,147,28
028_0071.png,178,147,28
028_0072.png,232,204,28
028_0073.png,232,204,28
028_0074.png,125,108,28
028_0075.png,125,108,28
028_0076.png,140,129,28
028_0077.png,210,206,28
028_0079.png,154,144,28
028_0080.png,154,144,28
028_0081.png,154,139,28
028_0082.png,154,139,28
028_0083.png,160,141,28
028_0084.png,160,141,28
028_0085.png,162,152,28
028_0086.png,162,152,28
028_0087.png,93,83,28
028_0088.png,93,83,28
028_0089.png,104,96,28
028_0090.png,104,96,28
028_0091.png,125,112,28
028_0092.png,125,112,28
028_0093.png,141,121,28
028_0094.png,141,121,28
028_0095.png,164,153,28
028_0096.png,164,153,28
028_0097.png,145,146,28
028_0098.png,145,146,28
028_0099.png,194,173,28
028_0100.png,194,173,28
028_0101.png,265,244,28
028_0102.png,116,110,28
028_0103.png,116,110,28
028_0104.png,182,164,28
028_0105.png,182,164,28
028_0106.png,125,114,28
028_0107.png,125,114,28
028_0108.png,146,149,28
028_0109.png,146,149,28
028_0110.png,97,105,28
028_0111.png,97,105,28
028_0112.png,257,247,28
028_0113.png,257,247,28
028_0114.png,188,178,28
028_0115.png,188,178,28
028_0116.png,239,227,28
028_0117.png,262,242,28
028_0118.png,262,242,28
028_0119.png,165,151,28
028_0120.png,165,151,28
028_0121.png,204,201,28
028_0122.png,204,201,28
028_0123.png,229,216,28
028_0124.png,229,216,28
028_0125.png,136,145,28
028_0126.png,136,145,28
028_0127.png,170,183,28
028_0128.png,170,183,28
028_0129.png,305,298,28
028_0130.png,305,298,28
028_0131.png,165,156,28
028_0132.png,165,156,28
028_0133.png,207,180,28
028_0134.png,207,180,28
028_0135.png,239,207,28
028_0136.png,239,207,28
028_0137.png,370,325,28
028_0138.png,370,325,28
028_0139.png,94,93,28
028_0140.png,94,93,28
028_0141.png,79,75,28
028_0142.png,79,75,28
028_0143.png,141,134,28
028_0144.png,141,134,28
028_0145.png,165,144,28
028_0146.png,165,144,28
028_0147.png,107,97,28
028_0148.png,107,97,28
028_0149.png,176,160,28
028_0150.png,176,160,28
028_0151.png,203,179,28
028_0152.png,203,179,28
028_0153.png,113,98,28
028_0154.png,113,98,28
028_0155.png,232,204,28
028_0156.png,232,204,28
028_0157.png,125,108,28
028_0158.png,125,108,28
028_0159.png,140,129,28
028_0160.png,140,129,28
028_0161.png,171,161,28
028_0162.png,171,161,28
028_0163.png,210,206,28
028_0164.png,210,206,28
028_0165.png,169,155,28
028_0166.png,169,155,28
028_0167.png,244,198,28
028_0168.png,244,198,28
028_0169.png,235,208,28
028_0170.png,235,208,28
028_0171.png,244,221,28
028_0172.png,244,221,28
028_0173.png,154,144,28
028_0174.png,154,144,28
028_0175.png,154,139,28
028_0176.png,154,139,28
028_0177.png,160,141,28
028_0178.png,160,141,28
028_0179.png,162,152,28
028_0180.png,93,83,28
028_0181.png,104,96,28
028_0182.png,104,96,28
028_0183.png,125,112,28
028_0184.png,125,112,28
028_0185.png,141,121,28
028_0186.png,141,121,28
028_0187.png,164,153,28
028_0188.png,164,153,28
028_0189.png,145,146,28
028_0190.png,145,146,28
028_0191.png,194,173,28
028_0192.png,194,173,28
028_0193.png,265,244,28
028_0194.png,265,244,28
028_0195.png,116,110,28
028_0196.png,116,110,28
028_0197.png,182,164,28
028_0198.png,182,164,28
028_0199.png,188,169,28
028_0200.png,188,169,28
028_0201.png,125,114,28
028_0202.png,125,114,28
028_0203.png,146,149,28
028_0204.png,188,178,28
028_0205.png,188,178,28
028_0206.png,239,227,28
028_0207.png,239,227,28
028_0208.png,262,242,28
028_0209.png,262,242,28
028_0210.png,93,83,28
028_0211.png,146,149,28
028_0212.png,162,152,28
028_0213.png,196,177,28
028_0214.png,131,115,28
028_0215.png,88,88,28
028_0216.png,188,169,28
028_0217.png,188,169,28
028_0218.png,239,227,28
028_0219.png,244,198,28
028_0220.png,235,208,28
028_0221.png,136,145,28
028_0222.png,265,244,28
028_1_0001.png,160,150,28
028_1_0002.png,118,114,28
028_1_0003.png,272,263,28
028_1_0004.png,185,181,28
028_1_0005.png,119,118,28
028_1_0006.png,125,118,28
028_1_0007.png,155,155,28
028_1_0008.png,123,114,28
028_1_0009.png,199,184,28
028_1_0010.png,106,104,28
028_1_0057.png,165,156,28
028_1_0078.png,169,155,28
028_1_0035_1_j.png,126,123,28
028_1_0011.png,95,94,28
028_1_0012.png,117,117,28
028_1_0013.png,115,115,28
028_1_0014.png,193,189,28
028_1_0015.png,140,135,28
028_1_0016.png,178,147,28
028_1_0017.png,178,147,28
028_1_0018.png,97,105,28
028_1_0019.png,97,105,28
028_1_0020.png,257,247,28
028_1_0021.png,257,247,28
028_1_0022.png,305,298,28
028_1_0023.png,239,207,28
028_1_0024.png,370,325,28
028_1_0025.png,94,93,28
028_1_0026.png,136,145,28
028_1_0027.png,170,183,28
028_1_0028.png,176,160,28
028_1_0029.png,203,179,28
028_1_0030.png,203,179,28
028_1_0031.png,113,98,28
028_1_0032.png,169,155,28
028_1_0033.png,244,198,28
028_1_0034.png,235,208,28
028_1_0035.png,244,221,28
028_1_0036.png,244,221,28
028_1_0037.png,370,325,28
028_1_0038.png,207,180,28
028_1_0039.png,207,180,28
028_1_0040.png,239,207,28
028_1_0041.png,210,206,28
028_1_0042.png,140,129,28
028_1_0043.png,171,161,28
028_1_0044.png,171,161,28
028_1_0045.png,95,78,28
028_1_0046.png,95,78,28
028_1_0047.png,95,78,28
028_1_0048.png,95,78,28
028_1_0049.png,165,151,28
028_1_0050.png,165,151,28
028_1_0051.png,204,201,28
028_1_0052.png,204,201,28
028_1_0053.png,229,216,28
028_1_0054.png,229,216,28
028_1_0055.png,170,183,28
028_1_0056.png,305,298,28
028_1_0058.png,165,156,28
028_1_0059.png,94,93,28
028_1_0060.png,79,75,28
028_1_0061.png,79,75,28
028_1_0062.png,141,134,28
028_1_0063.png,141,134,28
028_1_0064.png,165,144,28
028_1_0065.png,165,144,28
028_1_0066.png,107,97,28
028_1_0067.png,107,97,28
028_1_0068.png,176,160,28
028_1_0069.png,113,98,28
028_1_0070.png,178,147,28
028_1_0071.png,178,147,28
028_1_0072.png,232,204,28
028_1_0073.png,232,204,28
028_1_0074.png,125,108,28
028_1_0075.png,125,108,28
028_1_0076.png,140,129,28
028_1_0077.png,210,206,28
028_1_0079.png,154,144,28
028_1_0080.png,154,144,28
028_1_0081.png,154,139,28
028_1_0082.png,154,139,28
028_1_0083.png,160,141,28
028_1_0084.png,160,141,28
028_1_0085.png,162,152,28
028_1_0086.png,162,152,28
028_1_0087.png,93,83,28
028_1_0088.png,93,83,28
028_1_0089.png,104,96,28
028_1_0090.png,104,96,28
028_1_0091.png,125,112,28
028_1_0092.png,125,112,28
028_1_0093.png,141,121,28
028_1_0094.png,141,121,28
028_1_0095.png,164,153,28
028_1_0096.png,164,153,28
028_1_0097.png,145,146,28
028_1_0098.png,145,146,28
028_1_0099.png,194,173,28
028_1_0100.png,194,173,28
028_1_0101.png,265,244,28
028_1_0102.png,116,110,28
028_1_0103.png,116,110,28
028_1_0104.png,182,164,28
028_1_0105.png,182,164,28
028_1_0106.png,125,114,28
028_1_0107.png,125,114,28
028_1_0108.png,146,149,28
028_1_0109.png,146,149,28
028_1_0110.png,97,105,28
028_1_0111.png,97,105,28
028_1_0112.png,257,247,28
028_1_0113.png,257,247,28
028_1_0114.png,188,178,28
028_1_0115.png,188,178,28
028_1_0116.png,239,227,28
028_1_0117.png,262,242,28
028_1_0118.png,262,242,28
028_1_0119.png,165,151,28
028_1_0120.png,165,151,28
028_1_0121.png,204,201,28
028_1_0122.png,204,201,28
028_1_0123.png,229,216,28
028_1_0124.png,229,216,28
028_1_0125.png,136,145,28
028_1_0126.png,136,145,28
028_1_0127.png,170,183,28
028_1_0128.png,170,183,28
028_1_0129.png,305,298,28
028_1_0130.png,305,298,28
028_1_0131.png,165,156,28
028_1_0132.png,165,156,28
028_1_0133.png,207,180,28
028_1_0134.png,207,180,28
028_1_0135.png,239,207,28
028_1_0136.png,239,207,28
028_1_0137.png,370,325,28
028_1_0138.png,370,325,28
028_1_0139.png,94,93,28
028_1_0140.png,94,93,28
028_1_0141.png,79,75,28
028_1_0142.png,79,75,28
028_1_0143.png,141,134,28
028_1_0144.png,141,134,28
028_1_0145.png,165,144,28
028_1_0146.png,165,144,28
028_1_0147.png,107,97,28
028_1_0148.png,107,97,28
028_1_0149.png,176,160,28
028_1_0150.png,176,160,28
028_1_0151.png,203,179,28
028_1_0152.png,203,179,28
028_1_0153.png,113,98,28
028_1_0154.png,113,98,28
028_1_0155.png,232,204,28
028_1_0156.png,232,204,28
028_1_0157.png,125,108,28
028_1_0158.png,125,108,28
028_1_0159.png,140,129,28
028_1_0160.png,140,129,28
028_1_0161.png,171,161,28
028_1_0162.png,171,161,28
028_1_0163.png,210,206,28
028_1_0164.png,210,206,28
028_1_0165.png,169,155,28
028_1_0166.png,169,155,28
028_1_0167.png,244,198,28
028_1_0168.png,244,198,28
028_1_0169.png,235,208,28
028_1_0170.png,235,208,28
028_1_0171.png,244,221,28
028_1_0172.png,244,221,28
028_1_0173.png,154,144,28
028_1_0174.png,154,144,28
028_1_0175.png,154,139,28
028_1_0176.png,154,139,28
028_1_0177.png,160,141,28
028_1_0178.png,160,141,28
028_1_0179.png,162,152,28
028_1_0180.png,93,83,28
028_1_0181.png,104,96,28
028_1_0182.png,104,96,28
028_1_0183.png,125,112,28
028_1_0184.png,125,112,28
028_1_0185.png,141,121,28
028_1_0186.png,141,121,28
028_1_0187.png,164,153,28
028_1_0188.png,164,153,28
028_1_0189.png,145,146,28
028_1_0190.png,145,146,28
028_1_0191.png,194,173,28
028_1_0192.png,194,173,28
028_1_0193.png,265,244,28
028_1_0194.png,265,244,28
028_1_0195.png,116,110,28
028_1_0196.png,116,110,28
028_1_0197.png,182,164,28
028_1_0198.png,182,164,28
028_1_0199.png,188,169,28
028_1_0200.png,188,169,28
028_1_0201.png,125,114,28
028_1_0202.png,125,114,28
028_1_0203.png,146,149,28
028_1_0204.png,188,178,28
028_1_0205.png,188,178,28
028_1_0206.png,239,227,28
028_1_0207.png,239,227,28
028_1_0208.png,262,242,28
028_1_0209.png,262,242,28
028_1_0210.png,93,83,28
028_1_0211.png,146,149,28
028_1_0212.png,162,152,28
028_1_0213.png,196,177,28
028_1_0214.png,131,115,28
028_1_0215.png,88,88,28
028_1_0216.png,188,169,28
028_1_0217.png,188,169,28
028_1_0218.png,239,227,28
028_1_0219.png,244,198,28
028_1_0220.png,235,208,28
028_1_0221.png,136,145,28
028_1_0222.png,265,244,28
028_0001_j.png,95,78,28
028_0002_j.png,95,78,28
028_0003_j.png,95,78,28
028_0004_j.png,95,78,28
028_0005_j.png,43,47,28
028_0006_j.png,72,91,28
028_0007_j.png,107,110,28
028_0008_j.png,94,70,28
028_0009_j.png,110,95,28
028_0010_j.png,87,70,28
028_0011_j.png,158,152,28
028_0012_j.png,101,101,28
028_0013_j.png,108,96,28
028_0014_j.png,138,128,28
028_0015_j.png,139,123,28
028_0016_j.png,174,149,28
028_0017_j.png,96,89,28
028_0018_j.png,132,125,28
028_0019_j.png,103,97,28
028_0020_j.png,154,153,28
028_0021_j.png,100,95,28
028_0022_j.png,127,131,28
028_0023_j.png,115,105,28
028_0024_j.png,81,74,28
028_0025_j.png,93,89,28
028_0026_j.png,139,125,28
028_0027_j.png,114,108,28
028_0028_j.png,105,103,28
028_0029_j.png,148,136,28
028_0030_j.png,82,81,28
028_0031_j.png,116,106,28
028_0032_j.png,84,83,28
028_0033_j.png,141,135,28
028_0034_j.png,163,164,28
028_1_0001_1_j.png,95,78,28
028_1_0002_1_j.png,95,78,28
028_1_0003_1_j.png,95,78,28
028_1_0004_1_j.png,95,78,28
028_1_0005_1_j.png,43,47,28
028_1_0006_1_j.png,72,91,28
028_1_0007_1_j.png,107,110,28
028_1_0008_1_j.png,94,70,28
028_1_0009_1_j.png,110,95,28
028_1_0010_1_j.png,87,70,28
028_1_0011_1_j.png,158,152,28
028_1_0012_1_j.png,101,101,28
028_1_0013_1_j.png,108,96,28
028_1_0014_1_j.png,138,128,28
028_1_0015_1_j.png,139,123,28
028_1_0016_1_j.png,174,149,28
028_1_0017_1_j.png,96,89,28
028_1_0018_1_j.png,132,125,28
028_1_0019_1_j.png,103,97,28
028_1_0020_1_j.png,154,153,28
028_1_0021_1_j.png,100,95,28
028_1_0022_1_j.png,127,131,28
028_1_0023_1_j.png,115,105,28
028_1_0024_1_j.png,81,74,28
028_1_0025_1_j.png,93,89,28
028_1_0026_1_j.png,139,125,28
028_1_0027_1_j.png,114,108,28
028_1_0028_1_j.png,105,103,28
028_1_0029_1_j.png,148,136,28
028_1_0030_1_j.png,82,81,28
028_1_0031_1_j.png,116,106,28
028_1_0032_1_j.png,84,83,28
028_1_0033_1_j.png,141,135,28
028_1_0034_1_j.png,163,164,28
035_0001.png,150,136,35
035_0002.png,90,77,35
035_0003.png,99,83,35
035_0004.png,132,122,35
035_0005.png,220,203,35
035_0006.png,219,180,35
035_0007.png,249,206,35
035_0008.png,491,402,35
035_0009.png,190,158,35
035_0010.png,237,198,35
035_0011.png,243,208,35
035_0012.png,260,221,35
035_0013.png,197,165,35
035_0014.png,204,185,35
035_0015.png,117,109,35
035_0016.png,120,107,35
035_0017.png,148,129,35
035_0018.png,134,116,35
035_0019.png,168,146,35
035_0020.png,147,134,35
035_0021.png,160,149,35
035_0022.png,145,124,35
035_0023.png,147,138,35
035_0024.png,208,192,35
035_0025.png,122,109,35
035_0026.png,103,90,35
035_0027.png,161,160,35
035_0028.png,117,102,35
035_0029.png,163,155,35
035_0030.png,171,161,35
035_0031.png,107,105,35
035_0032.png,143,135,35
035_0033.png,171,160,35
035_0034.png,116,99,35
035_0035.png,118,91,35
035_0036.png,165,139,35
035_0037.png,123,107,35
035_0038.png,170,171,35
035_0039.png,97,90,35
035_0040.png,167,158,35
035_0041.png,220,200,35
035_0042.png,140,136,35
035_0043.png,93,92,35
035_0044.png,134,125,35
035_0045.png,179,171,35
035_0046.png,179,174,35
035_0047.png,127,130,35
035_0048.png,320,282,35
035_0049.png,216,196,35
035_0050.png,211,214,35
035_0001_j.png,112,115,35
035_0002_j.png,130,107,35
035_0003_j.png,91,81,35
035_0027_j.png,142,125,35
035_0051.png,282,252,35
035_0052.png,149,126,35
035_0053.png,300,258,35
035_0054.png,125,123,35
035_0055.png,212,206,35
035_0056.png,263,246,35
035_0057.png,167,131,35
035_0058.png,218,189,35
035_0059.png,291,252,35
035_0060.png,159,146,35
035_0061.png,216,202,35
035_0062.png,146,135,35
035_0063.png,240,229,35
035_0064.png,234,212,35
035_0065.png,222,197,35
035_0066.png,100,92,35
035_0067.png,262,236,35
035_0068.png,113,109,35
035_0069.png,161,159,35
035_0070.png,144,143,35
035_0071.png,157,147,35
035_0072.png,178,171,35
035_0073.png,213,194,35
035_0074.png,205,192,35
035_1_0001.png,150,136,35
035_1_0002.png,90,77,35
035_1_0003.png,99,83,35
035_1_0004.png,132,122,35
035_1_0005.png,220,203,35
035_1_0006.png,219,180,35
035_1_0007.png,249,206,35
035_1_0008.png,491,402,35
035_1_0009.png,190,158,35
035_1_0010.png,237,198,35
035_1_0011.png,243,208,35
035_1_0012.png,260,221,35
035_1_0013.png,197,165,35
035_1_0014.png,204,185,35
035_1_0015.png,117,109,35
035_1_0016.png,120,107,35
035_1_0017.png,148,129,35
035_1_0018.png,134,116,35
035_1_0019.png,168,146,35
035_1_0020.png,147,134,35
035_1_0021.png,160,149,35
035_1_0022.png,145,124,35
035_1_0023.png,147,138,35
035_1_0024.png,208,192,35
035_1_0025.png,122,109,35
035_1_0026.png,103,90,35
035_1_0027.png,161,160,35
035_1_0028.png,117,102,35
035_1_0029.png,163,155,35
035_1_0030.png,171,161,35
035_1_0031.png,107,105,35
035_1_0032.png,143,135,35
035_1_0033.png,171,160,35
035_1_0034.png,116,99,35
035_1_0035.png,118,91,35
035_1_0036.png,165,139,35
035_1_0037.png,123,107,35
035_1_0038.png,170,171,35
035_1_0039.png,97,90,35
035_1_0040.png,167,158,35
035_1_0041.png,220,200,35
035_1_0042.png,140,136,35
035_1_0043.png,93,92,35
035_1_0044.png,134,125,35
035_1_0045.png,179,171,35
035_1_0046.png,179,174,35
035_1_0047.png,127,130,35
035_1_0048.png,320,282,35
035_1_0049.png,216,196,35
035_1_0050.png,211,214,35
035_1_0001_1_j.png,112,115,35
035_1_0002_1_j.png,130,107,35
035_1_0003_1_j.png,91,81,35
035_1_0027_1_j.png,142,125,35
035_1_0051.png,282,252,35
035_1_0052.png,149,126,35
035_1_0053.png,300,258,35
035_1_0054.png,125,123,35
035_1_0055.png,212,206,35
035_1_0056.png,263,246,35
035_1_0057.png,167,131,35
035_1_0058.png,218,189,35
035_1_0059.png,291,252,35
035_1_0060.png,159,146,35
035_1_0061.png,216,202,35
035_1_0062.png,146,135,35
035_1_0063.png,240,229,35
035_1_0064.png,234,212,35
035_1_0065.png,222,197,35
035_1_0066.png,100,92,35
035_1_0067.png,262,236,35
035_1_0068.png,113,109,35
035_1_0069.png,161,159,35
035_1_0070.png,144,143,35
035_1_0071.png,157,147,35
035_1_0072.png,178,171,35
035_1_0073.png,213,194,35
035_1_0074.png,205,192,35
035_0004_j.png,112,115,35
035_0005_j.png,130,107,35
035_0007_j.png,75,70,35
035_0008_j.png,81,72,35
035_0009_j.png,112,118,35
035_0010_j.png,70,69,35
035_0011_j.png,96,97,35
035_0012_j.png,94,92,35
035_0013_j.png,163,141,35
035_0015_j.png,134,117,35
035_0016_j.png,119,105,35
035_0017_j.png,153,140,35
035_0018_j.png,115,105,35
035_0019_j.png,115,105,35
035_0020_j.png,96,94,35
035_0021_j.png,105,102,35
035_0022_j.png,95,86,35
035_0023_j.png,127,115,35
035_0024_j.png,153,148,35
035_0025_j.png,133,124,35
035_0026_j.png,150,143,35
035_0006_j.png,91,81,35
035_0014_j.png,138,118,35
035_1_0004_1_j.png,112,115,35
035_1_0005_1_j.png,130,107,35
035_1_0007_1_j.png,75,70,35
035_1_0008_1_j.png,81,72,35
035_1_0009_1_j.png,112,118,35
035_1_0010_1_j.png,70,69,35
035_1_0011_1_j.png,96,97,35
035_1_0012_1_j.png,94,92,35
035_1_0013_1_j.png,163,141,35
035_1_0015_1_j.png,134,117,35
035_1_0016_1_j.png,119,105,35
035_1_0017_1_j.png,153,140,35
035_1_0018_1_j.png,115,105,35
035_1_0019_1_j.png,115,105,35
035_1_0020_1_j.png,96,94,35
035_1_0021_1_j.png,105,102,35
035_1_0022_1_j.png,95,86,35
035_1_0023_1_j.png,127,115,35
035_1_0024_1_j.png,153,148,35
035_1_0025_1_j.png,133,124,35
035_1_0026_1_j.png,150,143,35
035_1_0006_1_j.png,91,81,35
035_1_0014_1_j.png,138,118,35
043_0001.png,98,91,43
043_0002.png,107,99,43
043_0003.png,130,113,43
043_0004.png,97,89,43
043_0005.png,106,106,43
043_0006.png,105,97,43
043_0007.png,116,104,43
043_0008.png,181,156,43
043_0009.png,112,99,43
043_0010.png,159,156,43
043_0011.png,86,79,43
043_0012.png,114,104,43
043_0013.png,119,120,43
043_0014.png,106,94,43
043_0015.png,143,143,43
043_0016.png,266,223,43
043_0017.png,133,123,43
043_0018.png,289,264,43
043_0019.png,131,121,43
043_0020.png,157,151,43
043_0021.png,206,209,43
043_0022.png,168,156,43
043_0023.png,215,198,43
043_0024.png,191,187,43
043_0025.png,131,116,43
043_0026.png,258,238,43
043_0027.png,100,100,43
043_0035_j.png,191,179,43
043_0028.png,143,117,43
043_0029.png,297,248,43
043_0030.png,111,99,43
043_0031.png,139,122,43
043_0032.png,171,171,43
043_0033.png,206,214,43
043_0034.png,206,187,43
043_0035.png,119,118,43
043_0036.png,180,157,43
043_0037.png,230,208,43
043_0038.png,135,137,43
043_0039.png,168,164,43
043_0040.png,217,216,43
043_1_0001.png,98,91,43
043_1_0002.png,107,99,43
043_1_0003.png,130,113,43
043_1_0004.png,97,89,43
043_1_0005.png,106,106,43
043_1_0006.png,105,97,43
043_1_0007.png,116,104,43
043_1_0008.png,181,156,43
043_1_0009.png,112,99,43
043_1_0010.png,159,156,43
043_1_0011.png,86,79,43
043_1_0012.png,114,104,43
043_1_0013.png,119,120,43
043_1_0014.png,106,94,43
043_1_0015.png,143,143,43
043_1_0016.png,266,223,43
043_1_0017.png,133,123,43
043_1_0018.png,289,264,43
043_1_0019.png,131,121,43
043_1_0020.png,157,151,43
043_1_0021.png,206,209,43
043_1_0022.png,168,156,43
043_1_0023.png,215,198,43
043_1_0024.png,191,187,43
043_1_0025.png,131,116,43
043_1_0026.png,258,238,43
043_1_0027.png,100,100,43
043_1_0035_1_j.png,191,179,43
043_1_0028.png,143,117,43
043_1_0029.png,297,248,43
043_1_0030.png,111,99,43
043_1_0031.png,139,122,43
043_1_0032.png,171,171,43
043_1_0033.png,206,214,43
043_1_0034.png,206,187,43
043_1_0035.png,119,118,43
043_1_0036.png,180,157,43
043_1_0037.png,230,208,43
043_1_0038.png,135,137,43
043_1_0039.png,168,164,43
043_1_0040.png,217,216,43
043_0001_j.png,88,82,43
043_0002_j.png,88,82,43
043_0003_j.png,88,82,43
043_0004_j.png,88,82,43
043_0005_j.png,283,242,43
043_0006_j.png,182,162,43
043_0007_j.png,175,115,43
043_0008_j.png,139,138,43
043_0009_j.png,102,95,43
043_0010_j.png,108,112,43
043_0011_j.png,151,137,43
043_0012_j.png,128,114,43
043_0013_j.png,120,118,43
043_0014_j.png,128,118,43
043_0015_j.png,164,151,43
043_0016_j.png,167,128,43
043_0017_j.png,165,175,43
043_0018_j.png,102,108,43
043_0019_j.png,189,174,43
043_0020_j.png,100,94,43
043_0021_j.png,199,172,43
043_0022_j.png,107,105,43
043_0023_j.png,208,194,43
043_0024_j.png,84,87,43
043_0025_j.png,156,141,43
043_0026_j.png,122,108,43
043_0027_j.png,111,102,43
043_0028_j.png,116,110,43
043_0029_j.png,206,190,43
043_0030_j.png,134,121,43
043_0031_j.png,241,233,43
043_0032_j.png,122,118,43
043_0033_j.png,101,108,43
043_0034_j.png,105,99,43
043_0036.png,78,76,43
043_0037.png,78,76,43
043_0038.png,78,76,43
043_0039.png,78,76,43
043_0040.png,115,101,43
043_0041.png,115,101,43
043_0042.png,115,101,43
043_0043.png,115,101,43
043_0044.png,113,101,43
043_0045.png,123,121,43
043_0046.png,123,121,43
043_0047.png,111,103,43
043_0048.png,111,103,43
043_0049.png,156,137,43
043_0050.png,156,137,43
043_0051.png,105,99,43
043_0052.png,105,99,43
043_0053.png,106,96,43
043_0054.png,106,96,43
043_0055.png,170,145,43
043_0056.png,170,145,43
043_0057.png,78,76,43
043_0058.png,78,76,43
043_0059.png,113,101,43
043_1_0001_1_j.png,88,82,43
043_1_0002_1_j.png,88,82,43
043_1_0003_1_j.png,88,82,43
043_1_0004_1_j.png,88,82,43
043_1_0005_1_j.png,283,242,43
043_1_0006_1_j.png,182,162,43
043_1_0007_1_j.png,175,115,43
043_1_0008_1_j.png,139,138,43
043_1_0009_1_j.png,102,95,43
043_1_0010_1_j.png,108,112,43
043_1_0011_1_j.png,151,137,43
043_1_0012_1_j.png,128,114,43
043_1_0013_1_j.png,120,118,43
043_1_0014_1_j.png,128,118,43
043_1_0015_1_j.png,164,151,43
043_1_0016_1_j.png,167,128,43
043_1_0017_1_j.png,165,175,43
043_1_0018_1_j.png,102,108,43
043_1_0019_1_j.png,189,174,43
043_1_0020_1_j.png,100,94,43
043_1_0021_1_j.png,199,172,43
043_1_0022_1_j.png,107,105,43
043_1_0023_1_j.png,208,194,43
043_1_0024_1_j.png,84,87,43
043_1_0025_1_j.png,156,141,43
043_1_0026_1_j.png,122,108,43
043_1_0027_1_j.png,111,102,43
043_1_0028_1_j.png,116,110,43
043_1_0029_1_j.png,206,190,43
043_1_0030_1_j.png,134,121,43
043_1_0031_1_j.png,241,233,43
043_1_0032_1_j.png,122,118,43
043_1_0033_1_j.png,101,108,43
043_1_0034_1_j.png,105,99,43
043_1_0036.png,78,76,43
043_1_0037.png,78,76,43
043_1_0038.png,78,76,43
043_1_0039.png,78,76,43
043_1_0040.png,115,101,43
043_1_0041.png,115,101,43
043_1_0042.png,115,101,43
043_1_0043.png,115,101,43
043_1_0044.png,113,101,43
043_1_0045.png,123,121,43
043_1_0046.png,123,121,43
043_1_0047.png,111,103,43
043_1_0048.png,111,103,43
043_1_0049.png,156,137,43
043_1_0050.png,156,137,43
043_1_0051.png,105,99,43
043_1_0052.png,105,99,43
043_1_0053.png,106,96,43
043_1_0054.png,106,96,43
043_1_0055.png,170,145,43
043_1_0056.png,170,145,43
043_1_0057.png,78,76,43
043_1_0058.png,78,76,43
043_1_0059.png,113,101,43
054_0001.png,98,97,54
054_0002.png,120,107,54
054_0003.png,167,165,54
054_0004.png,183,166,54
054_0005.png,165,148,54
054_0006.png,83,87,54
054_0007.png,135,124,54
054_0008.png,98,97,54
054_0009.png,120,117,54
054_0010.png,171,153,54
054_0011.png,175,167,54
054_0012.png,160,151,54
054_0013.png,176,155,54
054_0014.png,174,154,54
054_0015.png,97,96,54
054_0016.png,87,95,54
054_0017.png,115,96,54
054_0018.png,186,162,54
054_0019.png,138,123,54
054_0020.png,187,167,54
054_0021.png,134,133,54
054_0022.png,119,110,54
054_0023.png,121,125,54
054_0024.png,134,137,54
054_0025.png,219,214,54
054_0026.png,232,225,54
054_0027.png,159,151,54
054_0028.png,200,176,54
054_0029.png,266,258,54
054_0030.png,135,132,54
054_0031.png,127,118,54
054_0032.png,149,134,54
054_0033.png,148,130,54
054_0034.png,257,222,54
054_0035.png,251,232,54
054_0036.png,190,195,54
054_0037.png,198,194,54
054_0038.png,141,132,54
054_0039.png,107,91,54
054_0040.png,141,131,54
054_0041.png,103,96,54
054_0042.png,105,100,54
054_0043.png,116,100,54
054_0044.png,130,131,54
054_0045.png,251,239,54
054_0046.png,110,97,54
054_0047.png,132,137,54
054_0048.png,166,150,54
054_0049.png,112,115,54
054_0050.png,103,88,54
054_0051.png,145,145,54
054_0052.png,188,189,54
054_0053.png,145,137,54
054_0054.png,176,161,54
054_0055.png,137,139,54
054_0056.png,121,112,54
054_0057.png,108,101,54
054_0089_j.png,174,193,54
054_0058.png,134,121,54
054_0059.png,138,125,54
054_0060.png,168,157,54
054_0061.png,101,94,54
054_0062.png,167,146,54
054_0063.png,143,123,54
054_0064.png,129,121,54
054_0065.png,115,108,54
054_0066.png,143,116,54
054_0067.png,124,104,54
054_0068.png,165,153,54
054_0069.png,108,112,54
054_0070.png,118,108,54
054_0071.png,133,127,54
054_0072.png,123,104,54
054_0073.png,105,95,54
054_0074.png,100,92,54
054_0075.png,227,212,54
054_0076.png,113,103,54
054_0077.png,182,176,54
054_0078.png,161,136,54
054_0079.png,73,73,54
054_0080.png,200,180,54
054_0081.png,176,183,54
054_0082.png,96,88,54
054_0083.png,96,90,54
054_0084.png,122,122,54
054_0085.png,223,200,54
054_0086.png,171,154,54
054_0087.png,153,145,54
054_0088.png,153,145,54
054_0089.png,86,74,54
054_0090.png,86,74,54
054_0091.png,88,84,54
054_0092.png,88,84,54
054_0093.png,167,152,54
054_0094.png,167,152,54
054_0095.png,112,105,54
054_0096.png,112,105,54
054_0097.png,56,59,54
054_0098.png,61,64,54
054_0099.png,53,54,54
054_0100.png,55,51,54
054_0101.png,55,56,54
054_0102.png,44,44,54
054_0103.png,49,49,54
054_0104.png,53,53,54
054_0105.png,49,53,54
054_0106.png,37,43,54
054_0107.png,48,51,54
054_0108.png,51,46,54
054_0109.png,84,79,54
054_0110.png,87,88,54
054_0111.png,69,75,54
054_0112.png,69,75,54
054_0113.png,211,211,54
054_0114.png,211,211,54
054_0115.png,231,208,54
054_0116.png,231,208,54
054_0117.png,231,223,54
054_0118.png,231,223,54
054_0119.png,154,131,54
054_0120.png,154,131,54
054_0121.png,144,141,54
054_0122.png,144,141,54
054_0123.png,171,154,54
054_0124.png,171,154,54
054_0125.png,153,145,54
054_0126.png,153,145,54
054_0127.png,86,74,54
054_0128.png,86,74,54
054_0129.png,88,84,54
054_0130.png,88,84,54
054_0131.png,167,152,54
054_0132.png,167,152,54
054_0133.png,112,105,54
054_0134.png,112,105,54
054_0135.png,56,59,54
054_0136.png,61,64,54
054_0137.png,53,54,54
054_0138.png,55,51,54
054_0139.png,55,56,54
054_0140.png,44,44,54
054_0141.png,49,49,54
054_0142.png,53,53,54
054_0143.png,49,53,54
054_0144.png,37,43,54
054_0145.png,48,51,54
054_0146.png,51,46,54
054_0147.png,84,79,54
054_0148.png,87,88,54
054_0149.png,69,75,54
054_0150.png,69,75,54
054_0151.png,211,211,54
054_0152.png,211,211,54
054_0153.png,231,208,54
054_0154.png,231,208,54
054_0155.png,231,223,54
054_0156.png,231,223,54
054_0157.png,154,131,54
054_0158.png,154,131,54
054_0159.png,144,141,54
054_0160.png,144,141,54
054_0161.png,171,154,54
054_1_0001.png,98,97,54
054_1_0002.png,120,107,54
054_1_0003.png,167,165,54
054_1_0004.png,183,166,54
054_1_0005.png,165,148,54
054_1_0006.png,83,87,54
054_1_0007.png,135,124,54
054_1_0008.png,98,97,54
054_1_0009.png,120,117,54
054_1_0010.png,171,153,54
054_1_0011.png,175,167,54
054_1_0012.png,160,151,54
054_1_0013.png,176,155,54
054_1_0014.png,174,154,54
054_1_0015.png,97,96,54
054_1_0016.png,87,95,54
054_1_0017.png,115,96,54
054_1_0018.png,186,162,54
054_1_0019.png,138,123,54
054_1_0020.png,187,167,54
054_1_0021.png,134,133,54
054_1_0022.png,119,110,54
054_1_0023.png,121,125,54
054_1_0024.png,134,137,54
054_1_0025.png,219,214,54
054_1_0026.png,232,225,54
054_1_0027.png,159,151,54
054_1_0028.png,200,176,54
054_1_0029.png,266,258,54
054_1_0030.png,135,132,54
054_1_0031.png,127,118,54
054_1_0032.png,149,134,54
054_1_0033.png,148,130,54
054_1_0034.png,257,222,54
054_1_0035.png,251,232,54
054_1_0036.png,190,195,54
054_1_0037.png,198,194,54
054_1_0038.png,141,132,54
054_1_0039.png,107,91,54
054_1_0040.png,141,131,54
054_1_0041.png,103,96,54
054_1_0042.png,105,100,54
054_1_0043.png,116,100,54
054_1_0044.png,130,131,54
054_1_0045.png,251,239,54
054_1_0046.png,110,97,54
054_1_0047.png,132,137,54
054_1_0048.png,166,150,54
054_1_0049.png,112,115,54
054_1_0050.png,103,88,54
054_1_0051.png,145,145,54
054_1_0052.png,188,189,54
054_1_0053.png,145,137,54
054_1_0054.png,176,161,54
054_1_0055.png,137,139,54
054_1_0056.png,121,112,54
054_1_0057.png,108,101,54
054_1_0089_1_j.png,174,193,54
054_1_0058.png,134,121,54
054_1_0059.png,138,125,54
054_1_0060.png,168,157,54
054_1_0061.png,101,94,54
054_1_0062.png,167,146,54
054_1_0063.png,143,123,54
054_1_0064.png,129,121,54
054_1_0065.png,115,108,54
054_1_0066.png,143,116,54
054_1_0067.png,124,104,54
054_1_0068.png,165,153,54
054_1_0069.png,108,112,54
054_1_0070.png,118,108,54
054_1_0071.png,133,127,54
054_1_0072.png,123,104,54
054_1_0073.png,105,95,54
054_1_0074.png,100,92,54
054_1_0075.png,227,212,54
054_1_0076.png,113,103,54
054_1_0077.png,182,176,54
054_1_0078.png,161,136,54
054_1_0079.png,73,73,54
054_1_0080.png,200,180,54
054_1_0081.png,176,183,54
054_1_0082.png,96,88,54
054_1_0083.png,96,90,54
054_1_0084.png,122,122,54
054_1_0085.png,223,200,54
054_1_0086.png,171,154,54
054_1_0087.png,153,145,54
054_1_0088.png,153,145,54
054_1_0089.png,86,74,54
054_1_0090.png,86,74,54
054_1_0091.png,88,84,54
054_1_0092.png,88,84,54
054_1_0093.png,167,152,54
054_1_0094.png,167,152,54
054_1_0095.png,112,105,54
054_1_0096.png,112,105,54
054_1_0097.png,56,59,54
054_1_0098.png,61,64,54
054_1_0099.png,53,54,54
054_1_0100.png,55,51,54
054_1_0101.png,55,56,54
054_1_0102.png,44,44,54
054_1_0103.png,49,49,54
054_1_0104.png,53,53,54
054_1_0105.png,49,53,54
054_1_0106.png,37,43,54
054_1_0107.png,48,51,54
054_1_0108.png,51,46,54
054_1_0109.png,84,79,54
054_1_0110.png,87,88,54
054_1_0111.png,69,75,54
054_1_0112.png,69,75,54
054_1_0113.png,211,211,54
054_1_0114.png,211,211,54
054_1_0115.png,231,208,54
054_1_0116.png,231,208,54
054_1_0117.png,231,223,54
054_1_0118.png,231,223,54
054_1_0119.png,154,131,54
054_1_0120.png,154,131,54
054_1_0121.png,144,141,54
054_1_0122.png,144,141,54
054_1_0123.png,171,154,54
054_1_0124.png,171,154,54
054_1_0125.png,153,145,54
054_1_0126.png,153,145,54
054_1_0127.png,86,74,54
054_1_0128.png,86,74,54
054_1_0129.png,88,84,54
054_1_0130.png,88,84,54
054_1_0131.png,167,152,54
054_1_0132.png,167,152,54
054_1_0133.png,112,105,54
054_1_0134.png,112,105,54
054_1_0135.png,56,59,54
054_1_0136.png,61,64,54
054_1_0137.png,53,54,54
054_1_0138.png,55,51,54
054_1_0139.png,55,56,54
054_1_0140.png,44,44,54
054_1_0141.png,49,49,54
054_1_0142.png,53,53,54
054_1_0143.png,49,53,54
054_1_0144.png,37,43,54
054_1_0145.png,48,51,54
054_1_0146.png,51,46,54
054_1_0147.png,84,79,54
054_1_0148.png,87,88,54
054_1_0149.png,69,75,54
054_1_0150.png,69,75,54
054_1_0151.png,211,211,54
054_1_0152.png,211,211,54
054_1_0153.png,231,208,54
054_1_0154.png,231,208,54
054_1_0155.png,231,223,54
054_1_0156.png,231,223,54
054_1_0157.png,154,131,54
054_1_0158.png,154,131,54
054_1_0159.png,144,141,54
054_1_0160.png,144,141,54
054_1_0161.png,171,154,54
054_0001_j.png,61,64,54
054_0002_j.png,53,54,54
054_0003_j.png,44,44,54
054_0004_j.png,49,53,54
054_0005_j.png,48,51,54
054_0006_j.png,51,46,54
054_0007_j.png,69,75,54
054_0008_j.png,112,105,54
054_0009_j.png,53,54,54
054_0010_j.png,77,74,54
054_0011_j.png,114,138,54
054_0012_j.png,127,114,54
054_0013_j.png,78,78,54
054_0014_j.png,55,53,54
054_0015_j.png,92,76,54
054_0016_j.png,64,64,54
054_0017_j.png,70,77,54
054_0018_j.png,87,79,54
054_0019_j.png,61,57,54
054_0020_j.png,60,59,54
054_0021_j.png,53,58,54
054_0022_j.png,85,90,54
054_0023_j.png,73,68,54
054_0024_j.png,64,63,54
054_0025_j.png,71,71,54
054_0026_j.png,67,69,54
054_0027_j.png,76,78,54
054_0028_j.png,65,72,54
054_0029_j.png,66,66,54
054_0030_j.png,65,65,54
054_0031_j.png,76,82,54
054_0032_j.png,67,74,54
054_0033_j.png,96,92,54
054_0034_j.png,119,117,54
054_0035_j.png,68,65,54
054_0036_j.png,62,61,54
054_0037_j.png,81,79,54
054_0038_j.png,76,78,54
054_0039_j.png,78,88,54
054_0040_j.png,93,84,54
054_0041_j.png,89,89,54
054_0042_j.png,71,69,54
054_0043_j.png,98,93,54
054_0044_j.png,100,97,54
054_0045_j.png,71,71,54
054_0046_j.png,82,93,54
054_0047_j.png,378,380,54
054_0048_j.png,146,145,54
054_0049_j.png,132,127,54
054_0050_j.png,115,118,54
054_0051_j.png,187,164,54
054_0052_j.png,171,166,54
054_0053_j.png,102,102,54
054_0054_j.png,144,139,54
054_0055_j.png,117,106,54
054_0056_j.png,142,135,54
054_0057_j.png,80,81,54
054_0058_j.png,138,127,54
054_0059_j.png,90,87,54
054_0060_j.png,122,118,54
054_0061_j.png,148,131,54
054_0062_j.png,58,56,54
054_0063_j.png,135,121,54
054_0064_j.png,49,59,54
054_0065_j.png,70,68,54
054_0066_j.png,56,66,54
054_0067_j.png,67,69,54
054_0068_j.png,54,86,54
054_0069_j.png,98,97,54
054_0070_j.png,92,85,54
054_0071_j.png,92,92,54
054_0072_j.png,80,75,54
054_0073_j.png,96,98,54
054_0074_j.png,79,78,54
054_0075_j.png,118,117,54
054_0076_j.png,118,117,54
054_0077_j.png,115,111,54
054_0078_j.png,82,79,54
054_0079_j.png,113,102,54
054_0080_j.png,177,158,54
054_0081_j.png,108,107,54
054_0082_j.png,140,139,54
054_0083_j.png,99,91,54
054_0084_j.png,101,92,54
054_0085_j.png,112,105,54
054_0086_j.png,123,128,54
054_0087_j.png,125,117,54
054_0088_j.png,131,124,54
054_1_0001_1_j.png,61,64,54
054_1_0002_1_j.png,53,54,54
054_1_0003_1_j.png,44,44,54
054_1_0004_1_j.png,49,53,54
054_1_0005_1_j.png,48,51,54
054_1_0006_1_j.png,51,46,54
054_1_0007_1_j.png,69,75,54
054_1_0008_1_j.png,112,105,54
054_1_0009_1_j.png,53,54,54
054_1_0010_1_j.png,77,74,54
054_1_0011_1_j.png,114,138,54
054_1_0012_1_j.png,127,114,54
054_1_0013_1_j.png,78,78,54
054_1_0014_1_j.png,55,53,54
054_1_0015_1_j.png,92,76,54
054_1_0016_1_j.png,64,64,54
054_1_0017_1_j.png,70,77,54
054_1_0018_1_j.png,87,79,54
054_1_0019_1_j.png,61,57,54
054_1_0020_1_j.png,60,59,54
054_1_0021_1_j.png,53,58,54
054_1_0022_1_j.png,85,90,54
054_1_0023_1_j.png,73,68,54
054_1_0024_1_j.png,64,63,54
054_1_0025_1_j.png,71,71,54
054_1_0026_1_j.png,67,69,54
054_1_0027_1_j.png,76,78,54
054_1_0028_1_j.png,65,72,54
054_1_0029_1_j.png,66,66,54
054_1_0030_1_j.png,65,65,54
054_1_0031_1_j.png,76,82,54
054_1_0032_1_j.png,67,74,54
054_1_0033_1_j.png,96,92,54
054_1_0034_1_j.png,119,117,54
054_1_0035_1_j.png,68,65,54
054_1_0036_1_j.png,62,61,54
054_1_0037_1_j.png,81,79,54
054_1_0038_1_j.png,76,78,54
054_1_0039_1_j.png,78,88,54
054_1_0040_1_j.png,93,84,54
054_1_0041_1_j.png,89,89,54
054_1_0042_1_j.png,71,69,54
054_1_0043_1_j.png,98,93,54
054_1_0044_1_j.png,100,97,54
054_1_0045_1_j.png,71,71,54
054_1_0046_1_j.png,82,93,54
054_1_0047_1_j.png,378,380,54
054_1_0048_1_j.png,146,145,54
054_1_0049_1_j.png,132,127,54
054_1_0050_1_j.png,115,118,54
054_1_0051_1_j.png,187,164,54
054_1_0052_1_j.png,171,166,54
054_1_0053_1_j.png,102,102,54
054_1_0054_1_j.png,144,139,54
054_1_0055_1_j.png,117,106,54
054_1_0056_1_j.png,142,135,54
054_1_0057_1_j.png,80,81,54
054_1_0058_1_j.png,138,127,54
054_1_0059_1_j.png,90,87,54
054_1_0060_1_j.png,122,118,54
054_1_0061_1_j.png,148,131,54
054_1_0062_1_j.png,58,56,54
054_1_0063_1_j.png,135,121,54
054_1_0064_1_j.png,49,59,54
054_1_0065_1_j.png,70,68,54
054_1_0066_1_j.png,56,66,54
054_1_0067_1_j.png,67,69,54
054_1_0068_1_j.png,54,86,54
054_1_0069_1_j.png,98,97,54
054_1_0070_1_j.png,92,85,54
054_1_0071_1_j.png,92,92,54
054_1_0072_1_j.png,80,75,54
054_1_0073_1_j.png,96,98,54
054_1_0074_1_j.png,79,78,54
054_1_0075_1_j.png,118,117,54
054_1_0076_1_j.png,118,117,54
054_1_0077_1_j.png,115,111,54
054_1_0078_1_j.png,82,79,54
054_1_0079_1_j.png,113,102,54
054_1_0080_1_j.png,177,158,54
054_1_0081_1_j.png,108,107,54
054_1_0082_1_j.png,140,139,54
054_1_0083_1_j.png,99,91,54
054_1_0084_1_j.png,101,92,54
054_1_0085_1_j.png,112,105,54
054_1_0086_1_j.png,123,128,54
054_1_0087_1_j.png,125,117,54
054_1_0088_1_j.png,131,124,54
055_0001.png,134,137,55
055_0002.png,103,101,55
055_0003.png,134,138,55
055_0004.png,132,135,55
055_0005.png,190,178,55
055_0006.png,100,97,55
055_0007.png,124,122,55
055_0008.png,165,160,55
055_0009.png,173,155,55
055_0010.png,169,156,55
055_0011.png,181,164,55
055_0012.png,97,91,55
055_0013.png,126,126,55
055_0014.png,140,139,55
055_0015.png,174,152,55
055_0016.png,145,137,55
055_0017.png,108,109,55
055_0018.png,130,121,55
055_0019.png,67,60,55
055_0020.png,106,100,55
055_0021.png,91,83,55
055_0022.png,121,111,55
055_0023.png,107,100,55
055_0024.png,120,116,55
055_0025.png,163,152,55
055_0026.png,159,144,55
055_0027.png,140,129,55
055_0028.png,169,163,55
055_0029.png,207,190,55
055_0030.png,196,174,55
055_0031.png,163,161,55
055_0032.png,118,95,55
055_0033.png,151,152,55
055_0034.png,94,88,55
055_0035.png,142,121,55
055_0030_j.png,96,90,55
055_0036.png,152,129,55
055_0037.png,140,132,55
055_0038.png,132,130,55
055_0039.png,165,158,55
055_0040.png,172,155,55
055_0041.png,206,195,55
055_0042.png,179,153,55
055_0043.png,173,148,55
055_0044.png,170,172,55
055_0045.png,114,105,55
055_0046.png,160,150,55
055_0047.png,159,135,55
055_0048.png,138,137,55
055_0049.png,148,137,55
055_0050.png,152,145,55
055_0051.png,131,130,55
055_0052.png,129,138,55
055_0053.png,145,143,55
055_0054.png,117,118,55
055_0055.png,134,144,55
055_0056.png,110,95,55
055_0057.png,110,95,55
055_0058.png,110,95,55
055_0059.png,110,95,55
055_0060.png,99,91,55
055_0061.png,99,91,55
055_0062.png,147,129,55
055_0063.png,147,129,55
055_0064.png,155,151,55
055_0065.png,155,151,55
055_0066.png,182,179,55
055_0067.png,182,179,55
055_0068.png,99,91,55
055_0069.png,99,91,55
055_0070.png,147,129,55
055_0071.png,147,129,55
055_0072.png,155,151,55
055_0073.png,155,151,55
055_0074.png,182,179,55
055_0075.png,182,179,55
055_0076.png,158,175,55
055_0077.png,169,180,55
055_0078.png,235,224,55
055_0079.png,123,118,55
055_0080.png,153,150,55
055_1_0001.png,134,137,55
055_1_0002.png,103,101,55
055_1_0003.png,134,138,55
055_1_0004.png,132,135,55
055_1_0005.png,190,178,55
055_1_0006.png,100,97,55
055_1_0007.png,124,122,55
055_1_0008.png,165,160,55
055_1_0009.png,173,155,55
055_1_0010.png,169,156,55
055_1_0011.png,181,164,55
055_1_0012.png,97,91,55
055_1_0013.png,126,126,55
055_1_0014.png,140,139,55
055_1_0015.png,174,152,55
055_1_0016.png,145,137,55
055_1_0017.png,108,109,55
055_1_0018.png,130,121,55
055_1_0019.png,67,60,55
055_1_0020.png,106,100,55
055_1_0021.png,91,83,55
055_1_0022.png,121,111,55
055_1_0023.png,107,100,55
055_1_0024.png,120,116,55
055_1_0025.png,163,152,55
055_1_0026.png,159,144,55
055_1_0027.png,140,129,55
055_1_0028.png,169,163,55
055_1_0029.png,207,190,55
055_1_0030.png,196,174,55
055_1_0031.png,163,161,55
055_1_0032.png,118,95,55
055_1_0033.png,151,152,55
055_1_0034.png,94,88,55
055_1_0035.png,142,121,55
055_1_0030_1_j.png,96,90,55
055_1_0036.png,152,129,55
055_1_0037.png,140,132,55
055_1_0038.png,132,130,55
055_1_0039.png,165,158,55
055_1_0040.png,172,155,55
055_1_0041.png,206,195,55
055_1_0042.png,179,153,55
055_1_0043.png,173,148,55
055_1_0044.png,170,172,55
055_1_0045.png,114,105,55
055_1_0046.png,160,150,55
055_1_0047.png,159,135,55
055_1_0048.png,138,137,55
055_1_0049.png,148,137,55
055_1_0050.png,152,145,55
055_1_0051.png,131,130,55
055_1_0052.png,129,138,55
055_1_0053.png,145,143,55
055_1_0054.png,117,118,55
055_1_0055.png,134,144,55
055_1_0056.png,110,95,55
055_1_0057.png,110,95,55
055_1_0058.png,110,95,55
055_1_0059.png,110,95,55
055_1_0060.png,99,91,55
055_1_0061.png,99,91,55
055_1_0062.png,147,129,55
055_1_0063.png,147,129,55
055_1_0064.png,155,151,55
055_1_0065.png,155,151,55
055_1_0066.png,182,179,55
055_1_0067.png,182,179,55
055_1_0068.png,99,91,55
055_1_0069.png,99,91,55
055_1_0070.png,147,129,55
055_1_0071.png,147,129,55
055_1_0072.png,155,151,55
055_1_0073.png,155,151,55
055_1_0074.png,182,179,55
055_1_0075.png,182,179,55
055_1_0076.png,158,175,55
055_1_0077.png,169,180,55
055_1_0078.png,235,224,55
055_1_0079.png,123,118,55
055_1_0080.png,153,150,55
055_0001_j.png,110,95,55
055_0002_j.png,110,95,55
055_0003_j.png,110,95,55
055_0004_j.png,110,95,55
055_0005_j.png,66,69,55
055_0006_j.png,163,160,55
055_0007_j.png,115,98,55
055_0008_j.png,67,67,55
055_0009_j.png,116,110,55
055_0010_j.png,90,78,55
055_0011_j.png,136,121,55
055_0012_j.png,134,124,55
055_0013_j.png,99,92,55
055_0014_j.png,110,89,55
055_0015_j.png,133,126,55
055_0016_j.png,110,103,55
055_0017_j.png,162,156,55
055_0018_j.png,163,131,55
055_0019_j.png,126,119,55
055_0020_j.png,100,104,55
055_0021_j.png,169,173,55
055_0022_j.png,121,111,55
055_0023_j.png,135,141,55
055_0024_j.png,93,79,55
055_0025_j.png,88,93,55
055_0026_j.png,93,97,55
055_0027_j.png,104,99,55
055_0028_j.png,141,134,55
055_0029_j.png,156,153,55
055_1_0001_1_j.png,110,95,55
055_1_0002_1_j.png,110,95,55
055_1_0003_1_j.png,110,95,55
055_1_0004_1_j.png,110,95,55
055_1_0005_1_j.png,66,69,55
055_1_0006_1_j.png,163,160,55
055_1_0007_1_j.png,115,98,55
055_1_0008_1_j.png,67,67,55
055_1_0009_1_j.png,116,110,55
055_1_0010_1_j.png,90,78,55
055_1_0011_1_j.png,136,121,55
055_1_0012_1_j.png,134,124,55
055_1_0013_1_j.png,99,92,55
055_1_0014_1_j.png,110,89,55
055_1_0015_1_j.png,133,126,55
055_1_0016_1_j.png,110,103,55
055_1_0017_1_j.png,162,156,55
055_1_0018_1_j.png,163,131,55
055_1_0019_1_j.png,126,119,55
055_1_0020_1_j.png,100,104,55
055_1_0021_1_j.png,169,173,55
055_1_0022_1_j.png,121,111,55
055_1_0023_1_j.png,135,141,55
055_1_0024_1_j.png,93,79,55
055_1_0025_1_j.png,88,93,55
055_1_0026_1_j.png,93,97,55
055_1_0027_1_j.png,104,99,55
055_1_0028_1_j.png,141,134,55
055_1_0029_1_j.png,156,153,55
